Order_ID,Order_Date,Product_ID,Region,Quantity,Revenue,Cost,Channel,Profit
1,2024-05-10,37,West,4,4103,3364,Online,739
2,2024-12-31,43,North,5,4413,6746,Online,-2333
3,2024-11-10,39,West,4,1919,5663,Online,-3744
4,2022-05-02,42,South,4,2667,6103,Online,-3436
5,2023-04-12,17,West,9,2644,1530,Online,1114
6,2022-11-27,15,North,2,2667,7842,Offline,-5175
7,2022-03-29,18,East,6,9868,6726,Online,3142
8,2024-05-21,23,North,8,9960,6921,Online,3039
9,2022-05-11,30,West,8,6391,5441,Online,950
10,2024-02-09,34,West,7,7036,858,Online,6178
11,2022-12-10,4,East,4,1666,6792,Online,-5126
12,2024-03-16,3,South,7,4075,1812,Offline,2263
13,2023-01-21,7,North,6,3341,6363,Online,-3022
14,2024-08-13,18,East,6,2370,969,Offline,1401
15,2022-10-04,42,East,2,3386,557,Offline,2829
16,2023-04-05,7,East,8,659,7098,Online,-6439
17,2022-01-22,40,North,8,7743,1370,Online,6373
18,2022-09-10,6,North,7,4263,1350,Offline,2913
19,2024-01-18,22,North,9,1555,4338,Online,-2783
20,2024-05-06,1,South,8,833,5446,Offline,-4613
21,2023-04-20,4,East,9,4096,6400,Offline,-2304
22,2024-12-18,46,West,9,8107,7864,Online,243
23,2023-05-26,49,West,6,9583,4322,Online,5261
24,2023-12-01,50,East,2,1862,444,Offline,1418
25,2024-09-02,43,West,7,1425,2934,Online,-1509
26,2022-07-09,29,South,3,6019,2869,Offline,3150
27,2024-08-15,21,South,7,2943,7588,Offline,-4645
28,2023-11-18,26,North,9,4480,1100,Online,3380
29,2024-08-15,14,North,2,7760,1785,Offline,5975
30,2023-07-17,9,North,6,1919,4048,Offline,-2129
31,2024-04-11,47,North,6,559,2729,Offline,-2170
32,2023-10-09,12,North,9,3024,3123,Offline,-99
33,2022-01-21,42,West,9,4297,972,Offline,3325
34,2024-04-20,6,West,5,2078,4274,Offline,-2196
35,2022-06-16,20,North,5,7701,3789,Online,3912
36,2023-01-23,24,South,9,1207,4722,Offline,-3515
37,2023-08-24,27,West,8,8665,1714,Offline,6951
38,2022-11-12,38,South,7,5777,3668,Online,2109
39,2022-01-14,8,South,8,2280,5025,Online,-2745
40,2022-08-30,1,East,6,2913,6415,Online,-3502
41,2024-02-16,49,East,3,8250,4194,Offline,4056
42,2023-07-19,49,North,7,2661,4146,Online,-1485
43,2024-06-16,24,South,8,9300,6527,Offline,2773
44,2022-04-02,47,West,8,808,6589,Offline,-5781
45,2024-08-13,7,East,1,5939,2328,Offline,3611
46,2023-05-24,19,East,7,4807,1494,Offline,3313
47,2024-02-15,22,South,3,2864,2324,Online,540
48,2022-02-04,35,East,2,684,1657,Offline,-973
49,2022-07-25,30,East,2,5824,6867,Offline,-1043
50,2024-10-22,29,West,8,5983,7776,Offline,-1793
51,2024-10-18,22,South,9,745,5945,Offline,-5200
52,2023-07-20,11,East,3,8930,7104,Offline,1826
53,2023-12-04,20,South,3,8683,3110,Offline,5573
54,2023-02-06,29,East,6,6424,868,Online,5556
55,2023-12-31,41,West,1,1019,6790,Online,-5771
56,2022-06-11,42,South,6,4407,7769,Offline,-3362
57,2022-07-21,34,East,3,776,2245,Offline,-1469
58,2024-09-22,1,West,4,5601,646,Offline,4955
59,2022-09-27,31,East,9,9297,707,Offline,8590
60,2024-03-26,30,South,3,5073,4528,Offline,545
61,2023-04-01,48,East,1,5103,4053,Online,1050
62,2024-10-13,18,South,3,4553,913,Offline,3640
63,2022-10-23,17,South,7,7312,7431,Online,-119
64,2023-12-21,38,East,7,6573,405,Online,6168
65,2022-12-04,14,West,5,641,2518,Online,-1877
66,2024-05-28,23,North,1,2217,7083,Online,-4866
67,2024-12-12,25,West,8,7813,7717,Online,96
68,2024-03-02,15,West,8,6214,4099,Offline,2115
69,2022-08-05,46,East,2,899,4657,Offline,-3758
70,2024-02-03,22,West,3,5263,4213,Offline,1050
71,2022-07-07,3,West,4,6755,793,Offline,5962
72,2023-01-15,19,North,1,738,7711,Online,-6973
73,2023-05-08,44,West,4,3715,5870,Online,-2155
74,2024-11-30,34,North,5,8041,7346,Offline,695
75,2022-01-15,35,East,3,4147,4168,Online,-21
76,2022-03-06,50,North,2,5908,4685,Offline,1223
77,2023-06-05,1,South,6,6840,3634,Online,3206
78,2023-10-10,21,South,8,2929,4220,Online,-1291
79,2024-12-22,29,North,7,4152,2168,Online,1984
80,2023-08-16,6,South,1,6807,5733,Online,1074
81,2023-01-27,37,East,4,9964,6528,Offline,3436
82,2023-02-23,1,South,3,5640,1738,Online,3902
83,2022-10-16,1,North,6,3378,1652,Offline,1726
84,2023-01-14,27,East,9,2035,344,Offline,1691
85,2022-08-19,21,South,9,9227,5210,Online,4017
86,2024-10-14,16,East,7,6754,2680,Offline,4074
87,2022-02-10,44,North,9,1448,4860,Offline,-3412
88,2024-11-17,40,South,8,4441,499,Offline,3942
89,2022-05-15,26,East,5,9713,7668,Offline,2045
90,2022-07-20,16,East,9,7103,4724,Online,2379
91,2024-02-19,28,South,7,9125,2587,Online,6538
92,2024-07-18,1,East,5,1903,6303,Online,-4400
93,2024-11-22,36,East,8,8319,5193,Online,3126
94,2024-12-07,10,North,7,4011,5097,Offline,-1086
95,2023-05-18,43,North,9,3435,2930,Offline,505
96,2023-02-11,17,North,1,5378,7100,Online,-1722
97,2024-03-15,23,North,9,8006,7826,Online,180
98,2022-04-09,7,North,7,8091,6417,Offline,1674
99,2023-11-15,44,North,1,5560,6320,Online,-760
100,2023-12-27,7,South,1,3833,3068,Offline,765
101,2024-08-18,44,North,5,2102,2707,Online,-605
102,2023-09-05,15,East,8,8920,5797,Offline,3123
103,2023-10-05,34,South,9,2696,6828,Offline,-4132
104,2024-10-25,46,East,6,610,4091,Online,-3481
105,2023-05-18,45,North,8,9936,7932,Online,2004
106,2024-02-06,4,North,6,6523,3593,Online,2930
107,2023-02-02,14,East,6,4659,3146,Offline,1513
108,2024-05-20,14,East,4,4367,6808,Online,-2441
109,2024-03-05,16,East,5,8141,6515,Online,1626
110,2023-01-28,7,West,2,5504,3611,Online,1893
111,2022-07-26,32,West,3,8704,2851,Online,5853
112,2024-11-04,19,West,3,7577,1737,Online,5840
113,2024-06-10,2,West,5,3761,426,Offline,3335
114,2024-05-13,10,South,5,1162,5906,Online,-4744
115,2024-01-13,50,North,6,9385,1920,Online,7465
116,2023-07-18,17,East,5,3890,7994,Online,-4104
117,2024-10-17,37,North,6,9873,3619,Online,6254
118,2022-04-06,12,East,8,3518,781,Offline,2737
119,2023-04-30,6,North,2,2402,5731,Offline,-3329
120,2022-08-19,22,South,4,4671,7911,Online,-3240
121,2024-01-19,32,West,6,828,4678,Online,-3850
122,2023-06-25,41,North,5,6795,7469,Online,-674
123,2024-11-25,20,East,1,4346,2421,Offline,1925
124,2023-06-09,1,North,9,724,3435,Offline,-2711
125,2023-08-01,47,South,3,3020,3120,Online,-100
126,2023-11-13,6,South,2,8564,6790,Offline,1774
127,2023-07-11,19,North,9,4214,6440,Offline,-2226
128,2024-10-09,18,West,7,2907,2671,Offline,236
129,2023-10-08,6,East,5,7183,538,Offline,6645
130,2024-03-06,45,South,6,1310,1720,Offline,-410
131,2024-11-17,33,South,4,7252,6780,Offline,472
132,2022-07-09,23,North,1,3617,640,Online,2977
133,2023-09-25,23,South,4,5273,3650,Offline,1623
134,2023-09-20,26,South,9,3790,7820,Online,-4030
135,2024-08-30,13,East,1,2751,3293,Offline,-542
136,2023-12-11,7,West,3,5161,5287,Online,-126
137,2023-10-11,15,East,5,5106,1786,Offline,3320
138,2022-11-14,44,West,7,9615,4857,Online,4758
139,2023-11-15,27,East,9,6921,4375,Online,2546
140,2023-10-26,26,North,6,3552,5712,Offline,-2160
141,2023-03-18,33,South,3,8707,5193,Online,3514
142,2023-07-18,15,West,7,4951,1032,Online,3919
143,2024-08-09,36,North,4,5425,3778,Offline,1647
144,2023-11-30,45,South,3,3146,461,Online,2685
145,2022-04-23,27,South,7,9793,7970,Offline,1823
146,2022-01-02,5,South,7,9782,2795,Online,6987
147,2023-10-04,2,East,4,3406,5874,Online,-2468
148,2022-08-08,33,North,7,2246,6708,Offline,-4462
149,2024-05-04,16,North,2,4809,5405,Online,-596
150,2023-01-20,23,South,1,948,431,Online,517
151,2024-12-12,38,West,2,3512,2157,Offline,1355
152,2023-12-31,16,North,4,2068,6563,Offline,-4495
153,2022-09-04,14,East,8,3991,6311,Offline,-2320
154,2024-04-15,29,West,3,7810,1542,Online,6268
155,2022-07-22,26,West,6,7383,3788,Online,3595
156,2022-05-03,35,West,6,6484,971,Offline,5513
157,2023-02-05,15,West,9,9739,804,Online,8935
158,2024-02-06,3,North,9,7588,7767,Online,-179
159,2022-10-21,23,South,4,5268,2456,Online,2812
160,2022-10-07,29,West,9,1564,1561,Online,3
161,2024-06-02,34,East,6,4321,592,Online,3729
162,2022-07-17,33,East,2,9259,6406,Offline,2853
163,2024-09-08,41,South,6,1936,7431,Offline,-5495
164,2024-01-22,41,North,2,6597,3950,Online,2647
165,2022-05-24,23,South,8,2983,5223,Online,-2240
166,2023-09-01,7,West,4,8219,4582,Online,3637
167,2022-07-06,3,North,5,5300,1359,Offline,3941
168,2023-04-09,32,North,8,6882,2603,Offline,4279
169,2023-10-22,31,West,8,5329,5854,Offline,-525
170,2024-02-03,18,East,6,6653,6038,Offline,615
171,2024-08-12,43,West,4,3294,5427,Offline,-2133
172,2023-02-07,7,South,1,8112,3095,Online,5017
173,2022-05-27,41,West,7,1597,1501,Online,96
174,2024-05-13,1,East,8,2138,3613,Online,-1475
175,2023-05-04,14,West,9,9817,2388,Online,7429
176,2024-07-17,32,South,2,8955,3728,Offline,5227
177,2023-07-05,6,South,1,660,7200,Online,-6540
178,2022-12-04,39,East,4,9948,2460,Online,7488
179,2024-05-21,10,South,5,6406,7211,Online,-805
180,2023-10-03,7,South,1,9002,7633,Online,1369
181,2023-04-18,26,West,5,8918,7971,Offline,947
182,2022-05-31,34,North,6,8964,5249,Offline,3715
183,2022-09-20,30,South,3,7581,6521,Online,1060
184,2022-05-24,36,South,7,4912,1018,Online,3894
185,2022-12-12,21,East,6,3657,2146,Online,1511
186,2023-09-16,17,East,4,2838,1177,Online,1661
187,2024-10-13,33,West,3,6088,3567,Offline,2521
188,2024-05-30,10,West,5,2101,4797,Offline,-2696
189,2022-01-02,47,South,3,6388,7276,Online,-888
190,2024-06-15,42,North,9,4218,363,Online,3855
191,2022-09-11,12,North,9,6046,2999,Offline,3047
192,2023-03-29,16,West,6,2425,3233,Offline,-808
193,2024-11-26,41,East,6,9258,5844,Online,3414
194,2024-10-11,32,South,4,3415,7509,Online,-4094
195,2022-01-09,15,South,4,7398,672,Online,6726
196,2024-03-26,27,North,2,8943,4327,Offline,4616
197,2022-07-27,28,West,4,6152,605,Offline,5547
198,2023-02-08,17,North,8,4001,6652,Offline,-2651
199,2022-06-01,46,North,2,7774,2814,Offline,4960
200,2022-02-23,50,West,9,2102,1231,Offline,871
201,2023-09-20,2,East,1,7859,7771,Online,88
202,2023-08-10,36,South,2,1013,2290,Online,-1277
203,2022-04-14,50,East,2,9133,3956,Online,5177
204,2022-09-11,7,West,6,8692,1715,Online,6977
205,2023-05-25,13,West,7,7001,7620,Offline,-619
206,2022-04-09,15,South,3,1402,7090,Online,-5688
207,2022-06-02,25,East,9,6219,661,Offline,5558
208,2024-07-02,23,South,5,9912,5683,Offline,4229
209,2024-05-27,22,North,5,8648,7683,Online,965
210,2022-12-04,26,North,4,2821,3068,Online,-247
211,2024-04-01,33,North,9,1355,1015,Online,340
212,2024-08-14,11,East,8,1517,1945,Online,-428
213,2022-06-10,10,North,4,5779,842,Online,4937
214,2024-03-11,25,South,4,8212,1847,Online,6365
215,2023-02-02,37,East,2,5180,6058,Offline,-878
216,2024-03-26,48,South,9,7572,2541,Offline,5031
217,2023-02-05,43,West,3,7124,951,Offline,6173
218,2023-10-02,38,East,4,695,1350,Online,-655
219,2024-11-22,41,South,7,5194,5465,Offline,-271
220,2023-11-19,45,South,8,5151,5042,Online,109
221,2023-04-05,24,East,8,7491,2152,Online,5339
222,2024-08-12,40,West,4,3197,3301,Offline,-104
223,2023-04-15,46,East,7,1557,5477,Offline,-3920
224,2024-11-11,33,North,1,5707,3384,Online,2323
225,2024-01-20,17,North,6,3292,5344,Online,-2052
226,2022-02-07,24,West,6,920,5356,Offline,-4436
227,2022-08-18,37,South,6,3314,2396,Offline,918
228,2023-07-17,2,South,2,3340,1102,Offline,2238
229,2023-03-14,32,South,8,1531,7561,Offline,-6030
230,2022-01-27,24,East,5,8139,2954,Offline,5185
231,2022-08-14,9,East,5,1991,1980,Offline,11
232,2024-03-08,4,West,2,5475,1907,Online,3568
233,2022-10-11,17,North,4,5447,3822,Offline,1625
234,2024-05-28,17,South,9,1009,5798,Online,-4789
235,2024-08-17,50,North,9,2359,2357,Online,2
236,2023-03-29,48,East,6,5561,3021,Offline,2540
237,2024-10-16,30,East,9,2358,5121,Offline,-2763
238,2024-03-26,40,East,4,9605,2863,Offline,6742
239,2023-10-21,11,North,1,6107,6667,Online,-560
240,2023-07-01,21,West,2,2565,5800,Online,-3235
241,2024-12-08,21,West,1,3466,3912,Offline,-446
242,2022-01-17,18,East,8,7273,7769,Offline,-496
243,2022-06-07,29,South,9,8392,502,Online,7890
244,2023-04-22,24,North,6,4942,1241,Online,3701
245,2024-12-05,10,East,2,9747,888,Offline,8859
246,2023-06-02,45,North,6,9715,870,Offline,8845
247,2022-04-09,17,North,9,3704,3304,Offline,400
248,2024-11-26,18,West,3,1075,495,Online,580
249,2022-10-07,42,East,9,698,1645,Online,-947
250,2023-05-12,48,West,2,7923,717,Offline,7206
251,2022-10-29,20,East,5,1865,1942,Offline,-77
252,2022-06-30,37,North,2,8334,1665,Offline,6669
253,2023-08-30,45,West,7,2498,7856,Online,-5358
254,2023-12-01,18,North,9,5850,308,Online,5542
255,2024-09-19,17,East,7,6944,831,Online,6113
256,2022-07-10,9,South,5,1516,4544,Offline,-3028
257,2022-09-10,14,West,4,4118,6826,Offline,-2708
258,2024-09-07,49,West,4,525,1852,Offline,-1327
259,2024-07-16,29,North,8,4224,1335,Online,2889
260,2022-05-08,31,North,1,3958,4871,Online,-913
261,2022-01-18,4,South,5,7093,1917,Online,5176
262,2023-07-20,18,West,2,9162,7022,Offline,2140
263,2023-07-24,20,East,9,7780,4016,Offline,3764
264,2023-11-17,47,East,7,8569,6375,Online,2194
265,2023-09-18,43,West,8,5246,1376,Offline,3870
266,2024-05-03,44,West,6,8089,7903,Offline,186
267,2024-08-19,9,West,9,9577,4601,Online,4976
268,2022-06-04,13,South,6,7478,4315,Online,3163
269,2023-05-05,15,East,7,9567,7429,Online,2138
270,2024-02-24,27,East,7,9633,3262,Online,6371
271,2022-09-03,15,North,9,3541,5140,Online,-1599
272,2024-11-28,28,North,8,8265,1212,Offline,7053
273,2024-01-29,37,West,1,5904,4449,Online,1455
274,2023-06-22,19,North,4,1071,4370,Offline,-3299
275,2024-07-09,26,South,7,9296,7445,Offline,1851
276,2023-02-12,26,East,8,5480,5999,Online,-519
277,2023-06-09,25,East,7,9073,3861,Online,5212
278,2024-04-07,26,North,3,1736,6222,Offline,-4486
279,2024-06-21,26,West,4,2880,643,Offline,2237
280,2022-02-05,46,North,7,7677,1492,Offline,6185
281,2023-11-16,28,West,8,2017,2232,Online,-215
282,2022-01-20,49,South,7,2033,5580,Offline,-3547
283,2022-11-17,18,East,6,6387,7994,Online,-1607
284,2023-05-27,32,South,9,8359,1002,Online,7357
285,2023-02-04,3,East,9,3989,6970,Offline,-2981
286,2023-10-16,2,South,7,5142,5706,Online,-564
287,2024-08-29,33,North,8,9562,2198,Offline,7364
288,2023-04-16,42,South,6,2650,6855,Offline,-4205
289,2024-04-13,19,South,1,5819,3893,Online,1926
290,2023-12-28,17,North,1,4266,7012,Online,-2746
291,2024-05-03,44,East,6,5460,498,Offline,4962
292,2022-02-20,33,East,2,6561,3532,Online,3029
293,2023-07-29,12,North,8,6357,3122,Online,3235
294,2022-05-30,49,South,1,4987,4784,Offline,203
295,2022-11-10,3,South,2,8250,773,Online,7477
296,2023-07-24,43,South,8,1577,5800,Offline,-4223
297,2022-11-01,49,West,6,1800,5160,Offline,-3360
298,2023-11-13,26,East,2,7149,1954,Online,5195
299,2024-04-17,35,South,2,7681,891,Offline,6790
300,2024-12-13,8,East,7,8638,7591,Online,1047
301,2024-09-29,36,South,5,3029,2148,Offline,881
302,2023-03-20,7,North,5,3760,5491,Online,-1731
303,2023-09-05,46,North,8,863,5377,Offline,-4514
304,2024-09-19,46,East,7,1345,3341,Offline,-1996
305,2022-09-21,36,East,9,3532,467,Online,3065
306,2024-12-12,16,North,4,1827,4679,Online,-2852
307,2024-09-30,24,West,4,9083,7961,Online,1122
308,2022-01-05,1,North,2,3755,7503,Online,-3748
309,2024-02-13,49,South,3,5636,7267,Online,-1631
310,2024-05-26,25,West,1,7608,5594,Online,2014
311,2024-09-18,10,North,1,3737,3570,Online,167
312,2024-06-02,16,West,7,9997,7583,Online,2414
313,2022-02-16,16,West,5,6168,4307,Online,1861
314,2024-05-16,8,West,3,6812,7782,Offline,-970
315,2024-04-02,29,East,7,9456,4310,Online,5146
316,2024-07-24,39,North,2,5965,5639,Offline,326
317,2023-10-18,28,East,3,998,5286,Online,-4288
318,2022-09-26,6,East,1,6562,4148,Online,2414
319,2023-01-05,16,South,8,3444,2481,Offline,963
320,2023-09-28,20,South,2,8452,1954,Offline,6498
321,2023-10-19,16,West,7,6356,4517,Online,1839
322,2022-04-30,7,West,9,8338,1132,Offline,7206
323,2024-04-10,41,South,6,6577,6318,Online,259
324,2024-12-17,14,South,2,635,1321,Offline,-686
325,2024-01-11,43,North,2,9792,2293,Online,7499
326,2022-04-27,26,West,9,4533,3792,Offline,741
327,2024-03-01,26,West,8,7200,1194,Online,6006
328,2024-10-09,14,South,9,4613,1815,Offline,2798
329,2024-12-17,7,North,4,7046,3970,Online,3076
330,2023-09-26,33,South,4,8896,588,Offline,8308
331,2023-05-28,26,South,2,5094,1376,Online,3718
332,2024-03-12,45,East,1,1061,7672,Online,-6611
333,2023-07-14,20,West,4,5900,1671,Online,4229
334,2023-05-03,3,North,8,7833,1374,Offline,6459
335,2024-06-15,4,East,2,3814,5234,Offline,-1420
336,2023-12-05,26,West,8,4460,3259,Offline,1201
337,2023-08-04,11,South,1,2711,339,Offline,2372
338,2024-02-29,2,North,1,2871,6693,Offline,-3822
339,2024-05-10,14,West,4,7474,6661,Online,813
340,2022-09-04,44,South,7,3181,4574,Offline,-1393
341,2022-06-03,30,East,9,3306,3922,Online,-616
342,2024-09-23,49,North,5,2755,482,Online,2273
343,2023-11-28,12,West,2,9592,2059,Online,7533
344,2024-12-28,26,East,7,6882,5583,Online,1299
345,2024-12-06,44,South,2,5399,2069,Online,3330
346,2024-10-05,33,South,9,3659,5796,Offline,-2137
347,2022-04-04,13,West,9,6156,5100,Online,1056
348,2024-08-15,14,South,3,1952,796,Offline,1156
349,2024-10-08,24,North,8,9935,896,Online,9039
350,2023-03-29,34,West,4,2822,2808,Online,14
351,2024-06-30,44,East,3,7597,4126,Offline,3471
352,2022-08-06,26,West,1,2268,4869,Offline,-2601
353,2023-04-19,21,West,5,6596,984,Online,5612
354,2023-03-08,28,East,4,5685,5456,Online,229
355,2022-12-07,48,South,1,1669,6018,Online,-4349
356,2023-07-05,36,East,8,5210,6060,Offline,-850
357,2022-12-23,40,North,8,7090,618,Offline,6472
358,2022-01-23,2,South,8,886,3926,Online,-3040
359,2023-06-06,42,West,3,2930,1735,Offline,1195
360,2024-03-12,9,South,6,1905,2703,Offline,-798
361,2024-02-01,23,South,7,623,6090,Offline,-5467
362,2023-03-18,15,North,9,4497,2964,Offline,1533
363,2024-02-08,13,South,5,6409,6384,Offline,25
364,2024-10-12,23,South,9,4396,4624,Offline,-228
365,2023-05-31,17,South,6,8566,1028,Offline,7538
366,2024-11-05,48,West,4,9873,1587,Online,8286
367,2024-03-02,2,South,1,1227,4301,Offline,-3074
368,2022-12-02,20,East,1,7539,5906,Offline,1633
369,2022-09-15,20,South,5,8215,860,Online,7355
370,2023-05-12,46,North,3,4170,1675,Offline,2495
371,2024-06-14,3,South,5,1641,1765,Offline,-124
372,2022-06-09,12,South,5,4531,7078,Offline,-2547
373,2024-05-01,40,West,1,9050,2806,Offline,6244
374,2023-11-21,2,East,8,4242,4186,Online,56
375,2023-01-15,36,South,5,3344,324,Offline,3020
376,2024-08-14,14,East,5,2711,1454,Online,1257
377,2023-11-22,16,North,9,1472,4765,Offline,-3293
378,2024-12-02,19,West,8,860,1759,Offline,-899
379,2022-10-12,34,East,1,3132,7691,Offline,-4559
380,2023-02-01,44,West,3,3690,5407,Offline,-1717
381,2022-01-12,46,South,7,5448,5006,Online,442
382,2023-05-14,6,North,1,2124,5771,Online,-3647
383,2024-01-24,13,West,1,2256,6221,Online,-3965
384,2022-02-04,36,South,5,8318,7952,Online,366
385,2023-12-28,22,East,9,5619,6431,Online,-812
386,2024-04-28,18,North,6,6526,1520,Offline,5006
387,2022-03-31,12,North,2,8932,2456,Online,6476
388,2024-02-15,30,East,9,7475,6279,Online,1196
389,2023-08-28,40,East,6,1475,3591,Offline,-2116
390,2024-08-27,7,North,5,4818,6342,Online,-1524
391,2024-10-18,32,West,5,6423,1019,Offline,5404
392,2023-02-22,48,North,3,2813,7786,Online,-4973
393,2022-04-25,19,East,6,9997,1405,Offline,8592
394,2023-09-09,6,West,4,1287,5956,Online,-4669
395,2024-04-05,20,South,2,2928,4069,Offline,-1141
396,2023-02-17,27,North,3,9247,2779,Online,6468
397,2023-12-30,43,East,9,7164,2220,Online,4944
398,2024-10-17,37,South,9,7983,3379,Offline,4604
399,2024-01-31,48,North,6,1863,5031,Offline,-3168
400,2023-11-07,7,North,9,4459,5568,Offline,-1109
401,2023-04-02,5,West,4,9281,3469,Online,5812
402,2024-07-08,11,East,5,2249,3472,Offline,-1223
403,2022-07-11,15,South,6,7171,6149,Online,1022
404,2024-01-09,3,North,9,1040,6810,Offline,-5770
405,2024-09-04,5,West,5,8134,7929,Online,205
406,2024-10-05,23,South,8,8982,7368,Offline,1614
407,2022-04-06,37,South,1,4435,6857,Offline,-2422
408,2023-10-25,9,North,5,4458,3630,Online,828
409,2022-02-06,15,South,1,4359,6322,Offline,-1963
410,2022-10-06,3,North,6,8550,4751,Offline,3799
411,2022-08-05,29,West,7,9947,2358,Offline,7589
412,2024-05-16,6,West,5,5831,5835,Online,-4
413,2024-05-22,17,South,1,8699,5990,Online,2709
414,2022-03-03,26,North,6,2157,3621,Offline,-1464
415,2023-08-19,21,East,5,6685,6071,Offline,614
416,2023-12-30,8,West,6,4928,2170,Online,2758
417,2023-02-01,21,North,7,9948,3921,Online,6027
418,2023-11-30,11,North,7,7737,1445,Offline,6292
419,2024-11-08,38,North,2,1539,4291,Online,-2752
420,2022-06-26,8,South,3,2616,6508,Offline,-3892
421,2023-01-31,42,East,6,9376,3673,Offline,5703
422,2023-03-21,24,South,3,4518,424,Online,4094
423,2022-03-17,35,West,2,8046,611,Online,7435
424,2022-09-22,14,South,4,2324,7658,Online,-5334
425,2023-03-31,14,North,5,4034,1074,Online,2960
426,2023-12-19,10,South,9,7170,7445,Online,-275
427,2024-01-05,12,North,3,8754,3220,Online,5534
428,2024-04-30,38,East,3,8952,5869,Online,3083
429,2022-05-24,44,South,6,4071,2131,Online,1940
430,2024-06-03,46,South,5,3692,993,Offline,2699
431,2024-12-28,34,South,6,5453,5578,Offline,-125
432,2023-01-31,41,North,7,9822,1676,Online,8146
433,2024-11-14,10,North,3,4775,6239,Offline,-1464
434,2024-08-05,17,South,5,854,1289,Offline,-435
435,2024-06-09,17,South,8,5529,3146,Offline,2383
436,2023-07-23,3,East,4,3274,7117,Offline,-3843
437,2024-11-28,31,East,2,1088,7730,Offline,-6642
438,2022-04-19,1,West,4,1104,2052,Online,-948
439,2024-12-01,12,East,2,8865,3259,Online,5606
440,2024-07-23,39,East,3,853,2753,Online,-1900
441,2023-02-02,4,East,4,5934,3343,Online,2591
442,2023-09-26,42,North,4,933,2016,Online,-1083
443,2024-01-03,13,East,9,8950,1926,Online,7024
444,2022-08-23,34,East,6,1367,3388,Offline,-2021
445,2023-10-20,42,South,9,9287,7080,Online,2207
446,2024-01-21,21,North,4,6264,3631,Offline,2633
447,2023-08-11,22,West,9,893,4328,Online,-3435
448,2024-10-29,4,West,9,4254,1189,Offline,3065
449,2024-08-11,18,East,6,4870,1678,Offline,3192
450,2023-05-07,5,West,5,5021,4884,Online,137
451,2024-07-01,19,West,3,8199,7681,Online,518
452,2022-06-19,2,West,5,5078,6682,Online,-1604
453,2024-08-03,12,East,3,8905,4575,Online,4330
454,2024-03-05,17,West,5,2626,5838,Offline,-3212
455,2023-09-26,10,East,5,8830,2007,Online,6823
456,2022-01-29,34,South,2,4693,7610,Online,-2917
457,2022-12-05,6,South,9,4460,2664,Offline,1796
458,2023-05-15,8,West,7,1163,5663,Offline,-4500
459,2023-05-26,11,South,6,3332,531,Online,2801
460,2022-08-05,12,East,5,9765,2112,Online,7653
461,2024-12-29,9,South,4,5074,1912,Offline,3162
462,2023-03-21,2,West,8,6871,5722,Online,1149
463,2024-05-25,8,East,2,8124,4726,Offline,3398
464,2022-06-16,11,North,8,6792,4956,Offline,1836
465,2022-04-01,36,East,1,5677,3296,Online,2381
466,2023-12-15,10,South,1,8853,547,Offline,8306
467,2022-02-08,21,North,3,7506,4678,Online,2828
468,2022-06-22,20,East,5,3678,5706,Online,-2028
469,2023-10-15,48,North,6,6046,5335,Online,711
470,2024-01-24,8,North,4,4990,2379,Offline,2611
471,2024-12-17,36,North,7,5396,5919,Online,-523
472,2023-04-21,29,East,7,685,4041,Online,-3356
473,2023-04-01,42,South,2,5153,4925,Offline,228
474,2024-04-08,12,East,2,2480,4776,Online,-2296
475,2024-06-13,14,South,2,5041,362,Online,4679
476,2024-10-21,48,East,2,8308,4523,Online,3785
477,2023-01-22,50,East,9,1329,1851,Offline,-522
478,2022-12-14,21,East,5,4019,6606,Offline,-2587
479,2022-07-09,22,South,8,8508,3305,Online,5203
480,2023-05-20,21,East,5,6409,3622,Online,2787
481,2024-04-03,44,North,5,1725,594,Online,1131
482,2024-07-17,50,East,1,6274,4574,Offline,1700
483,2024-07-22,30,North,6,3344,4624,Online,-1280
484,2022-05-14,39,West,4,7847,1182,Online,6665
485,2022-02-27,20,West,3,3233,693,Online,2540
486,2023-11-16,24,South,6,4920,3039,Offline,1881
487,2023-11-03,23,South,2,4496,3767,Offline,729
488,2022-06-22,7,West,8,2188,4467,Offline,-2279
489,2024-03-25,9,East,1,2947,4713,Offline,-1766
490,2022-03-21,1,East,9,1367,4270,Offline,-2903
491,2024-06-04,26,East,8,7452,4990,Online,2462
492,2022-07-22,38,West,1,6584,4774,Online,1810
493,2024-02-03,38,North,9,8931,5302,Online,3629
494,2022-02-16,44,South,2,5805,4531,Online,1274
495,2023-10-18,22,North,3,8739,3077,Offline,5662
496,2023-04-16,44,West,2,4549,3992,Offline,557
497,2024-08-28,10,North,8,3957,1701,Online,2256
498,2024-11-01,6,East,2,3728,5538,Offline,-1810
499,2024-01-06,17,East,2,1748,1205,Online,543
500,2024-02-23,50,North,1,1667,829,Offline,838
501,2024-08-25,38,West,7,3990,7378,Online,-3388
502,2022-12-24,24,North,2,2397,7109,Online,-4712
503,2024-08-29,10,East,5,2679,4918,Online,-2239
504,2023-10-30,8,East,5,6455,4021,Offline,2434
505,2023-01-08,21,West,3,3220,686,Online,2534
506,2024-10-28,6,North,3,2443,2921,Online,-478
507,2023-11-07,21,East,3,6412,7026,Offline,-614
508,2022-03-31,39,East,6,8186,872,Online,7314
509,2023-11-29,24,North,4,4196,943,Offline,3253
510,2023-06-24,33,North,3,3325,7016,Offline,-3691
511,2024-01-02,18,South,2,8914,4371,Offline,4543
512,2024-05-18,28,West,3,2246,7313,Online,-5067
513,2022-02-10,32,West,4,1029,1592,Offline,-563
514,2024-01-10,12,North,6,6884,3895,Offline,2989
515,2023-05-17,48,West,4,8825,4942,Offline,3883
516,2024-08-16,42,East,8,4986,5905,Online,-919
517,2024-07-17,27,North,3,601,2785,Offline,-2184
518,2023-04-06,10,North,3,4223,5982,Online,-1759
519,2024-01-02,46,North,3,3228,854,Offline,2374
520,2024-01-22,42,South,8,3045,6159,Offline,-3114
521,2024-07-13,32,West,4,3058,2458,Online,600
522,2024-06-27,42,South,1,7346,3693,Online,3653
523,2023-01-25,26,East,2,1448,2874,Online,-1426
524,2024-06-01,25,West,2,5436,2524,Offline,2912
525,2022-09-13,11,South,3,2553,7117,Offline,-4564
526,2023-12-10,23,North,6,693,5970,Online,-5277
527,2023-03-26,34,South,8,9433,3909,Online,5524
528,2022-01-10,40,North,1,7804,5019,Online,2785
529,2024-04-03,23,South,9,3459,2288,Online,1171
530,2024-03-08,29,South,1,8674,1243,Online,7431
531,2024-05-26,31,South,2,3423,4868,Offline,-1445
532,2024-10-25,7,North,3,3739,5982,Offline,-2243
533,2024-10-12,40,South,7,4365,1293,Online,3072
534,2023-01-09,33,West,9,8729,7322,Online,1407
535,2024-12-24,21,West,3,5066,3759,Offline,1307
536,2022-05-26,2,West,8,7095,1421,Online,5674
537,2022-08-12,18,North,9,6109,5830,Online,279
538,2022-06-26,47,North,7,3713,3746,Online,-33
539,2024-05-02,33,West,4,5608,4565,Online,1043
540,2022-03-04,37,West,4,2283,5409,Offline,-3126
541,2024-04-06,34,West,4,8794,355,Online,8439
542,2024-03-05,20,East,6,6330,2056,Offline,4274
543,2023-11-20,35,West,4,6331,6768,Offline,-437
544,2022-04-15,50,South,5,541,957,Offline,-416
545,2023-05-26,18,East,9,6709,5352,Offline,1357
546,2023-01-20,46,East,7,1561,559,Online,1002
547,2023-02-09,24,North,8,4189,5036,Offline,-847
548,2024-04-02,8,South,5,8095,2909,Online,5186
549,2023-06-02,30,North,5,7307,6783,Online,524
550,2023-04-21,44,North,7,4497,4209,Offline,288
551,2023-12-10,10,South,8,825,703,Online,122
552,2024-02-10,23,North,9,7705,6975,Online,730
553,2024-11-12,49,South,2,1620,7641,Offline,-6021
554,2024-09-23,11,South,3,607,1094,Offline,-487
555,2023-11-08,2,North,2,6794,1861,Offline,4933
556,2023-12-15,26,West,7,5693,1483,Online,4210
557,2022-03-24,36,North,2,7724,7477,Online,247
558,2023-04-02,33,East,2,9026,2941,Offline,6085
559,2022-01-01,47,North,2,2539,7723,Offline,-5184
560,2022-02-20,13,South,4,1303,2964,Online,-1661
561,2023-11-16,40,East,1,1266,7095,Online,-5829
562,2023-12-18,25,South,2,4027,5109,Offline,-1082
563,2023-03-25,4,West,3,2806,6787,Online,-3981
564,2024-05-30,42,West,7,1988,3907,Online,-1919
565,2023-05-03,19,East,1,4629,5792,Offline,-1163
566,2022-02-03,18,West,6,2873,7902,Offline,-5029
567,2022-04-05,37,West,3,9528,2257,Online,7271
568,2024-12-31,30,North,3,3809,2393,Online,1416
569,2022-06-03,19,North,4,7334,2052,Online,5282
570,2022-09-07,23,West,4,6235,5299,Online,936
571,2023-11-05,16,West,7,5334,6498,Offline,-1164
572,2023-03-14,1,North,3,7490,5497,Online,1993
573,2022-04-28,12,West,8,4483,3862,Offline,621
574,2024-02-10,24,West,8,4268,1994,Online,2274
575,2022-09-25,34,South,7,2004,1155,Offline,849
576,2024-12-13,8,West,2,7293,1595,Online,5698
577,2022-08-24,18,East,5,2950,5055,Online,-2105
578,2023-01-24,48,South,6,2533,3921,Offline,-1388
579,2024-09-16,5,East,4,8502,4506,Online,3996
580,2024-02-02,26,West,5,6519,1338,Offline,5181
581,2023-02-05,30,North,9,1807,6521,Offline,-4714
582,2023-09-16,13,South,7,1475,4896,Offline,-3421
583,2024-02-06,19,North,2,5439,7031,Online,-1592
584,2024-07-07,29,South,1,4233,4813,Online,-580
585,2024-05-02,3,North,2,9051,6259,Online,2792
586,2023-08-01,26,South,3,2723,4670,Offline,-1947
587,2022-03-16,40,South,2,984,7961,Online,-6977
588,2023-03-11,12,East,3,1928,5616,Online,-3688
589,2022-04-13,2,North,9,2580,3747,Offline,-1167
590,2024-02-03,11,East,4,1195,6150,Offline,-4955
591,2024-01-08,44,East,9,6800,7530,Offline,-730
592,2024-03-16,28,North,3,5160,3732,Offline,1428
593,2022-04-08,18,South,1,701,7416,Online,-6715
594,2024-03-08,13,East,5,9890,7434,Offline,2456
595,2024-05-08,37,North,2,9959,6164,Offline,3795
596,2023-03-11,22,South,4,8765,5529,Online,3236
597,2023-03-23,12,East,2,8787,4048,Online,4739
598,2022-09-06,2,East,2,3977,2541,Offline,1436
599,2022-06-15,37,East,3,2702,5938,Online,-3236
600,2024-09-10,7,South,5,7990,6363,Online,1627
601,2024-10-16,26,East,4,8949,3830,Offline,5119
602,2023-06-26,26,South,2,6817,7298,Online,-481
603,2024-01-29,24,West,2,4925,5194,Offline,-269
604,2022-03-22,12,East,6,5850,2263,Online,3587
605,2022-05-13,16,West,7,3306,6744,Online,-3438
606,2024-03-07,23,North,6,7663,3315,Online,4348
607,2024-06-18,40,East,7,685,7011,Online,-6326
608,2022-05-18,9,North,1,8570,7115,Offline,1455
609,2022-07-03,32,North,6,8834,3867,Offline,4967
610,2024-02-24,15,North,3,7550,6592,Online,958
611,2024-09-10,37,West,1,9331,4170,Online,5161
612,2022-03-10,13,South,8,2574,5164,Online,-2590
613,2023-06-30,5,West,4,8154,1784,Offline,6370
614,2022-02-22,11,West,8,701,4534,Online,-3833
615,2022-07-24,10,North,4,6210,5256,Offline,954
616,2022-05-06,13,East,4,3665,6255,Online,-2590
617,2022-02-12,41,South,4,2602,2639,Offline,-37
618,2022-04-21,46,North,6,9602,634,Offline,8968
619,2024-01-31,50,South,9,2071,7142,Online,-5071
620,2024-04-27,15,West,5,5625,2158,Offline,3467
621,2022-04-05,42,South,8,7197,1507,Online,5690
622,2024-06-18,7,South,8,5669,6750,Offline,-1081
623,2022-12-26,40,East,4,2659,1224,Offline,1435
624,2024-06-18,28,North,9,1829,5376,Online,-3547
625,2022-10-08,32,South,9,4113,3245,Offline,868
626,2023-10-29,35,South,5,9152,5681,Online,3471
627,2022-04-03,15,West,6,9498,7370,Offline,2128
628,2023-11-03,48,West,5,4199,5729,Online,-1530
629,2022-03-02,36,South,3,6527,4739,Offline,1788
630,2023-09-26,21,North,8,2773,7891,Offline,-5118
631,2024-12-10,6,South,9,8750,5052,Online,3698
632,2024-10-25,1,South,4,5323,6192,Offline,-869
633,2023-08-27,4,East,9,9847,3885,Online,5962
634,2023-11-13,11,North,9,7575,6245,Online,1330
635,2023-06-18,44,East,7,997,7991,Offline,-6994
636,2024-04-17,26,North,8,7459,4656,Online,2803
637,2023-10-07,37,North,3,6710,5781,Online,929
638,2022-08-21,23,North,5,7626,4327,Online,3299
639,2023-06-08,29,East,3,4476,4564,Online,-88
640,2022-12-12,21,East,7,6920,5055,Online,1865
641,2024-12-05,48,East,6,2107,4595,Online,-2488
642,2023-06-30,45,West,3,9412,5804,Offline,3608
643,2024-03-04,45,East,9,1774,7779,Online,-6005
644,2022-09-06,49,West,1,1190,4977,Online,-3787
645,2022-02-16,27,West,3,4523,7779,Offline,-3256
646,2022-08-02,39,West,7,7747,4961,Online,2786
647,2022-08-27,40,South,3,3937,6838,Online,-2901
648,2024-12-15,13,South,3,2855,4142,Online,-1287
649,2022-12-16,23,South,2,6081,2698,Offline,3383
650,2022-04-17,16,West,9,1249,327,Offline,922
651,2024-04-10,30,West,4,3551,4250,Online,-699
652,2022-02-17,4,North,6,8263,2198,Online,6065
653,2022-12-03,40,West,2,4064,5027,Offline,-963
654,2024-11-15,16,South,9,6258,7600,Online,-1342
655,2024-03-14,31,West,7,2204,2727,Offline,-523
656,2022-01-08,42,West,5,6574,1925,Online,4649
657,2023-09-17,25,North,7,2877,2875,Online,2
658,2023-12-20,44,West,4,8519,2336,Offline,6183
659,2022-10-30,12,East,7,5774,1610,Online,4164
660,2023-10-01,26,North,2,3731,3655,Offline,76
661,2022-02-25,37,West,7,6909,7346,Offline,-437
662,2023-12-27,48,West,4,2715,6161,Online,-3446
663,2023-06-10,33,North,4,6788,4020,Online,2768
664,2023-04-19,28,West,1,6829,5202,Offline,1627
665,2022-01-28,9,South,3,1385,2574,Offline,-1189
666,2022-03-19,12,East,5,1364,7894,Online,-6530
667,2022-12-31,5,East,5,7417,2374,Online,5043
668,2023-10-28,28,South,2,3554,7799,Online,-4245
669,2023-06-10,35,West,4,9477,5536,Online,3941
670,2023-11-30,5,West,1,9148,388,Offline,8760
671,2024-06-01,34,East,9,9036,7062,Offline,1974
672,2024-10-27,46,West,1,1053,4104,Online,-3051
673,2024-10-23,34,East,6,5616,6154,Offline,-538
674,2024-07-07,13,East,7,8183,421,Online,7762
675,2024-01-20,39,South,3,1287,6313,Offline,-5026
676,2022-12-29,42,East,1,9396,5261,Offline,4135
677,2024-03-16,45,West,7,5407,332,Online,5075
678,2024-01-09,48,West,3,7690,4998,Online,2692
679,2024-11-04,14,North,6,9644,995,Online,8649
680,2023-04-30,11,West,6,1314,7331,Online,-6017
681,2022-01-28,42,North,4,8835,4141,Offline,4694
682,2023-12-15,38,East,6,3277,7865,Offline,-4588
683,2024-11-28,4,West,4,4266,824,Online,3442
684,2022-03-27,33,South,8,5458,5443,Offline,15
685,2022-05-06,7,South,9,4325,5744,Offline,-1419
686,2024-03-22,41,South,2,1716,6477,Online,-4761
687,2023-06-21,8,East,7,4970,546,Online,4424
688,2022-05-25,37,East,9,7272,4226,Online,3046
689,2022-01-25,10,North,9,9981,7486,Offline,2495
690,2022-03-08,43,South,5,8217,3401,Online,4816
691,2022-08-21,15,North,1,9247,2396,Online,6851
692,2022-04-19,38,North,6,1362,2262,Offline,-900
693,2022-04-21,15,West,8,6717,3259,Offline,3458
694,2022-08-16,5,West,1,6438,2527,Offline,3911
695,2022-04-21,29,South,2,2855,1693,Offline,1162
696,2022-02-03,19,East,1,9657,2207,Online,7450
697,2023-09-15,10,West,5,2895,2323,Offline,572
698,2024-01-18,12,East,2,9167,5133,Online,4034
699,2023-08-18,4,North,4,1024,6364,Online,-5340
700,2023-03-01,31,North,1,1061,7862,Offline,-6801
701,2023-09-05,18,North,7,8667,7033,Online,1634
702,2023-11-23,16,North,8,8613,6939,Online,1674
703,2022-11-11,40,South,5,7916,2778,Offline,5138
704,2024-05-26,36,North,2,5164,7674,Offline,-2510
705,2023-10-24,25,West,8,1705,7502,Offline,-5797
706,2022-10-04,23,North,1,2738,5832,Online,-3094
707,2023-09-16,12,East,7,1660,4759,Online,-3099
708,2023-05-31,34,West,1,5739,6753,Offline,-1014
709,2024-04-22,36,East,6,7474,1281,Offline,6193
710,2022-12-16,37,East,6,571,5698,Offline,-5127
711,2024-04-02,3,South,5,1254,3523,Offline,-2269
712,2024-01-29,9,South,2,7798,526,Offline,7272
713,2024-06-17,18,East,2,7100,1566,Offline,5534
714,2022-08-31,43,East,9,9596,2357,Offline,7239
715,2023-06-27,35,North,5,8652,5811,Online,2841
716,2024-11-29,34,West,5,8743,6491,Offline,2252
717,2022-08-17,41,North,7,3121,6043,Offline,-2922
718,2023-07-02,14,South,6,3690,2551,Offline,1139
719,2024-07-08,4,South,2,4448,7432,Offline,-2984
720,2022-01-06,29,North,1,1787,3241,Online,-1454
721,2023-04-13,41,West,5,5858,456,Offline,5402
722,2022-03-16,45,East,4,8018,7298,Online,720
723,2022-01-04,50,North,3,7536,2373,Online,5163
724,2023-10-08,15,South,2,5280,6864,Online,-1584
725,2022-04-28,28,West,2,2272,4363,Offline,-2091
726,2024-05-30,42,South,4,4402,6097,Offline,-1695
727,2023-05-19,16,West,2,6226,1060,Online,5166
728,2024-08-04,12,West,4,6700,1073,Online,5627
729,2023-07-28,5,West,3,9641,6707,Offline,2934
730,2022-07-13,34,North,9,3638,1852,Online,1786
731,2024-04-26,42,North,7,7713,7031,Online,682
732,2023-12-16,1,North,3,2916,1257,Offline,1659
733,2024-11-15,39,West,8,7551,6913,Offline,638
734,2022-06-22,32,West,9,2084,553,Online,1531
735,2022-11-22,26,South,7,1546,1869,Online,-323
736,2024-04-15,17,East,6,7484,3518,Offline,3966
737,2023-12-25,48,North,4,2665,7793,Offline,-5128
738,2022-08-13,27,West,5,6219,7805,Offline,-1586
739,2023-06-16,24,South,8,7722,7183,Online,539
740,2022-04-23,35,South,3,1676,4513,Offline,-2837
741,2022-05-20,46,South,2,6911,3536,Online,3375
742,2023-07-13,42,North,3,8574,4945,Online,3629
743,2022-01-01,39,North,7,9723,5306,Offline,4417
744,2022-03-31,26,East,8,3788,5265,Offline,-1477
745,2023-10-16,49,South,1,1815,1107,Offline,708
746,2022-11-16,38,North,7,1392,6068,Offline,-4676
747,2022-05-19,23,South,9,5669,5216,Online,453
748,2024-04-24,22,West,3,8798,2081,Online,6717
749,2022-09-16,4,South,3,3580,1521,Online,2059
750,2024-06-20,49,East,8,9436,7841,Online,1595
751,2023-11-21,9,North,4,6966,5997,Offline,969
752,2022-01-10,4,West,8,9313,3963,Online,5350
753,2022-09-18,7,North,5,5590,7007,Offline,-1417
754,2022-06-21,23,West,3,4740,3500,Offline,1240
755,2024-06-16,2,South,4,9512,6857,Online,2655
756,2022-01-13,49,South,4,911,7847,Online,-6936
757,2022-11-17,24,East,8,8805,1179,Online,7626
758,2022-11-25,40,East,6,2946,5388,Online,-2442
759,2024-02-24,31,West,7,3846,300,Online,3546
760,2024-02-16,47,East,9,585,466,Offline,119
761,2024-06-29,31,East,6,8249,2363,Offline,5886
762,2022-11-14,47,East,3,4642,3004,Online,1638
763,2022-08-24,40,East,3,7587,411,Online,7176
764,2022-11-30,48,South,3,7868,3739,Online,4129
765,2023-01-11,43,East,2,6334,1425,Online,4909
766,2023-08-11,34,South,1,1303,2941,Online,-1638
767,2023-05-28,24,South,1,7219,1729,Online,5490
768,2024-07-06,49,North,4,6585,6401,Offline,184
769,2024-05-22,26,South,3,9761,2343,Offline,7418
770,2022-09-27,16,South,5,4682,4902,Online,-220
771,2024-03-08,47,East,9,764,1934,Online,-1170
772,2023-12-26,13,South,8,3593,970,Offline,2623
773,2022-01-05,15,West,9,5298,3411,Online,1887
774,2024-04-30,27,East,5,8643,1990,Online,6653
775,2022-03-19,4,East,8,825,7848,Online,-7023
776,2023-07-28,16,East,4,1706,7202,Offline,-5496
777,2022-05-12,30,North,5,1940,7983,Online,-6043
778,2023-08-24,44,East,3,5684,6940,Offline,-1256
779,2024-12-01,30,South,5,9647,4257,Online,5390
780,2022-03-30,36,West,3,9246,1264,Online,7982
781,2023-02-06,3,East,5,5636,580,Offline,5056
782,2022-10-23,22,East,5,8640,4746,Online,3894
783,2023-09-08,49,West,6,6319,6777,Offline,-458
784,2024-03-10,22,East,9,8569,6345,Offline,2224
785,2023-02-26,50,North,1,2536,2266,Online,270
786,2024-11-12,50,South,6,9978,3108,Offline,6870
787,2023-07-29,49,West,1,9889,5943,Offline,3946
788,2022-05-23,12,West,6,6060,5702,Online,358
789,2024-09-19,21,North,2,4129,2264,Online,1865
790,2023-10-27,4,South,8,9463,5123,Online,4340
791,2022-05-25,31,North,3,5814,3690,Offline,2124
792,2024-10-03,44,South,6,2956,1122,Online,1834
793,2023-05-18,31,North,6,9162,1737,Online,7425
794,2024-03-31,23,East,4,1870,2361,Online,-491
795,2022-04-14,20,North,5,8129,5475,Online,2654
796,2024-11-28,15,West,2,9363,7870,Offline,1493
797,2022-07-17,23,West,8,1674,6785,Online,-5111
798,2023-08-02,28,West,7,610,4165,Online,-3555
799,2023-01-26,16,North,6,4059,4594,Online,-535
800,2023-07-08,37,West,7,7192,6279,Online,913
801,2024-11-04,21,West,1,9718,5073,Online,4645
802,2023-04-23,15,East,5,3733,4336,Offline,-603
803,2024-07-11,17,East,7,1972,7759,Online,-5787
804,2023-02-24,50,South,1,5372,7101,Online,-1729
805,2022-06-06,37,South,2,5253,1764,Offline,3489
806,2023-07-04,13,South,9,2333,377,Online,1956
807,2024-10-17,19,North,3,6428,2459,Offline,3969
808,2024-09-23,30,South,6,9145,4930,Offline,4215
809,2024-08-08,45,North,7,7316,5794,Offline,1522
810,2022-10-16,18,North,9,1240,3487,Offline,-2247
811,2022-07-15,14,South,5,7756,1465,Online,6291
812,2023-08-21,36,South,4,2880,7435,Online,-4555
813,2023-06-01,36,North,2,4180,5616,Offline,-1436
814,2024-05-14,20,East,3,2901,1089,Offline,1812
815,2024-03-16,19,West,5,7677,1863,Offline,5814
816,2024-03-25,45,West,2,2506,1622,Offline,884
817,2022-08-16,44,West,4,1909,5495,Offline,-3586
818,2022-08-04,7,East,1,2262,6973,Online,-4711
819,2024-08-05,44,North,4,1409,6543,Offline,-5134
820,2022-01-15,4,South,7,1260,1802,Online,-542
821,2022-02-16,34,North,3,7138,7416,Offline,-278
822,2022-11-20,2,North,8,6112,1791,Offline,4321
823,2024-04-23,5,South,6,3740,1959,Online,1781
824,2022-05-10,10,East,6,1030,6296,Offline,-5266
825,2022-04-05,32,West,1,3060,1615,Online,1445
826,2023-09-19,42,West,5,2677,3362,Online,-685
827,2024-01-25,41,North,3,5603,424,Offline,5179
828,2024-03-04,13,East,1,8206,3362,Offline,4844
829,2022-03-10,39,West,8,2037,818,Online,1219
830,2022-01-11,5,East,7,9965,2370,Online,7595
831,2024-05-21,10,South,7,3281,4557,Offline,-1276
832,2023-07-04,10,North,4,1446,2976,Online,-1530
833,2023-12-13,38,North,6,5757,2853,Offline,2904
834,2022-01-23,27,East,9,9990,5277,Offline,4713
835,2024-03-25,21,West,3,5597,4235,Offline,1362
836,2022-12-12,8,East,9,3011,1344,Online,1667
837,2022-10-29,1,South,4,2688,2087,Offline,601
838,2022-12-29,28,West,5,6563,6257,Online,306
839,2023-01-31,49,West,7,1381,3835,Online,-2454
840,2022-08-06,39,East,6,2347,4878,Offline,-2531
841,2022-05-21,14,South,8,7099,5921,Online,1178
842,2024-08-15,21,West,8,2475,2266,Online,209
843,2024-09-11,30,North,8,7077,2656,Online,4421
844,2024-09-19,21,South,3,6226,5269,Online,957
845,2024-04-07,49,West,6,5068,5972,Online,-904
846,2023-11-14,9,East,7,7663,2550,Offline,5113
847,2024-09-30,17,West,9,7082,3787,Offline,3295
848,2022-12-22,5,North,4,9189,7083,Online,2106
849,2024-10-04,31,South,5,2716,441,Offline,2275
850,2024-06-06,40,West,8,9680,6275,Offline,3405
851,2022-05-07,38,North,1,6201,1303,Offline,4898
852,2024-10-05,43,West,6,8517,7058,Online,1459
853,2023-08-27,19,West,4,3108,2454,Online,654
854,2024-10-10,36,South,5,5309,2314,Offline,2995
855,2022-02-20,50,East,5,6845,4924,Offline,1921
856,2024-11-18,33,East,2,678,3908,Offline,-3230
857,2024-02-18,13,North,8,8271,7019,Online,1252
858,2024-03-24,14,North,2,8471,1268,Online,7203
859,2023-02-24,33,North,4,2429,4225,Offline,-1796
860,2024-09-09,29,South,5,3048,4258,Online,-1210
861,2024-04-04,43,East,1,5334,6168,Online,-834
862,2024-10-21,49,North,6,611,3035,Online,-2424
863,2023-07-21,36,North,2,8448,6734,Offline,1714
864,2023-01-06,44,West,5,1214,1104,Online,110
865,2024-07-24,10,West,6,6534,1634,Online,4900
866,2023-10-23,31,North,8,1881,4284,Offline,-2403
867,2024-08-26,6,West,9,3627,967,Offline,2660
868,2022-07-21,1,West,6,7983,684,Offline,7299
869,2022-11-09,7,West,5,1708,3424,Online,-1716
870,2022-04-27,27,South,4,536,1908,Online,-1372
871,2024-07-25,21,North,2,2328,3554,Online,-1226
872,2023-07-29,28,North,2,3841,3740,Online,101
873,2022-09-01,16,West,7,7506,3048,Online,4458
874,2023-06-21,46,South,5,8175,312,Online,7863
875,2022-03-16,23,West,7,5847,3307,Offline,2540
876,2023-01-21,20,South,1,8390,2507,Online,5883
877,2023-04-20,38,North,1,1309,5703,Online,-4394
878,2023-02-22,25,West,5,4618,7008,Offline,-2390
879,2022-12-13,28,North,2,2026,7754,Offline,-5728
880,2023-10-02,5,South,8,995,6451,Online,-5456
881,2024-07-27,21,East,3,924,4467,Online,-3543
882,2024-08-12,18,South,1,3247,7335,Offline,-4088
883,2024-05-25,47,East,2,2482,2445,Online,37
884,2024-02-02,6,North,7,1968,6530,Offline,-4562
885,2023-10-26,29,North,6,8228,2165,Offline,6063
886,2022-01-25,19,West,8,7270,400,Online,6870
887,2023-12-11,33,East,7,1733,4379,Offline,-2646
888,2022-06-26,1,South,8,9256,4676,Online,4580
889,2022-10-12,45,North,3,3519,5278,Offline,-1759
890,2022-03-04,3,East,6,1804,1612,Offline,192
891,2024-09-29,42,South,7,8534,3096,Offline,5438
892,2023-10-24,21,East,1,632,6639,Online,-6007
893,2023-10-28,35,South,1,948,6834,Online,-5886
894,2022-06-05,41,South,7,6907,5004,Online,1903
895,2024-12-08,40,South,3,1349,749,Online,600
896,2024-08-24,3,South,3,5857,3739,Online,2118
897,2024-04-28,25,East,5,4462,3801,Online,661
898,2023-11-20,45,East,6,9592,3467,Offline,6125
899,2022-05-28,38,West,2,5354,5680,Offline,-326
900,2022-12-08,45,East,3,2039,5931,Online,-3892
901,2023-04-21,20,East,6,2399,420,Online,1979
902,2024-12-22,44,West,3,3444,3737,Online,-293
903,2023-07-15,45,East,5,5457,4156,Offline,1301
904,2022-11-23,34,South,9,6443,6775,Online,-332
905,2024-09-16,21,North,3,3744,1375,Online,2369
906,2022-08-03,48,North,6,6836,7863,Online,-1027
907,2023-03-11,23,West,5,9206,4713,Offline,4493
908,2024-08-09,6,East,5,2091,3022,Offline,-931
909,2023-12-24,13,East,6,8453,1001,Offline,7452
910,2022-02-01,49,West,6,8355,3648,Offline,4707
911,2023-11-01,23,North,1,8295,3968,Online,4327
912,2022-10-12,9,South,9,8775,3565,Online,5210
913,2023-03-05,17,East,5,4242,7136,Online,-2894
914,2022-10-13,2,West,1,2627,5412,Offline,-2785
915,2024-11-08,19,South,8,2101,320,Online,1781
916,2022-01-18,19,West,7,1722,2746,Offline,-1024
917,2024-02-08,7,West,7,6190,6134,Online,56
918,2023-08-13,42,West,5,2342,2549,Online,-207
919,2024-10-06,42,North,1,8558,2813,Online,5745
920,2022-07-13,20,North,9,6065,3522,Online,2543
921,2023-05-17,9,West,9,4988,5291,Offline,-303
922,2024-09-14,17,East,8,8700,1482,Offline,7218
923,2022-04-24,27,South,5,7450,2657,Offline,4793
924,2024-08-04,47,East,3,9406,2851,Online,6555
925,2024-04-10,2,North,8,2427,2373,Offline,54
926,2024-07-13,36,South,1,8801,365,Online,8436
927,2022-02-24,19,West,3,5429,4658,Online,771
928,2024-03-10,17,East,7,8957,771,Online,8186
929,2024-02-17,5,East,4,5992,2514,Online,3478
930,2022-06-11,39,West,7,3723,7243,Online,-3520
931,2022-03-28,18,East,5,6627,3525,Offline,3102
932,2022-02-24,7,North,6,5571,642,Offline,4929
933,2024-10-28,17,West,7,1454,1017,Online,437
934,2024-04-12,39,East,7,7550,2760,Online,4790
935,2022-11-09,36,West,7,2074,4036,Offline,-1962
936,2024-01-29,40,South,7,7168,3555,Online,3613
937,2023-03-19,45,West,7,7595,6090,Offline,1505
938,2022-11-24,4,East,3,8220,3565,Online,4655
939,2024-12-13,38,North,3,3755,7469,Offline,-3714
940,2024-01-31,25,West,7,1558,5634,Online,-4076
941,2023-08-02,5,West,2,2457,4389,Offline,-1932
942,2024-12-10,30,East,2,7148,7130,Online,18
943,2024-10-03,12,North,3,5444,7240,Online,-1796
944,2022-04-06,4,North,4,5558,6421,Online,-863
945,2024-03-24,24,South,6,3019,2830,Online,189
946,2023-05-06,29,South,8,8413,3932,Online,4481
947,2023-03-28,9,East,7,3070,1355,Offline,1715
948,2022-06-14,4,North,4,7950,314,Online,7636
949,2022-07-01,24,North,2,4387,3689,Online,698
950,2023-04-14,14,South,2,8203,6265,Online,1938
951,2024-06-28,5,South,4,6917,3614,Online,3303
952,2024-01-05,18,East,6,9579,316,Offline,9263
953,2024-04-02,42,North,3,1244,2881,Offline,-1637
954,2024-08-01,19,West,6,6920,2079,Offline,4841
955,2022-01-07,12,South,5,4014,2249,Online,1765
956,2022-11-26,18,East,5,3430,380,Online,3050
957,2024-02-14,17,North,2,6037,7099,Online,-1062
958,2022-05-31,30,North,8,7213,6879,Online,334
959,2022-05-27,24,South,5,675,3379,Online,-2704
960,2024-07-03,11,East,2,1065,1318,Offline,-253
961,2023-12-01,35,West,7,3717,7122,Offline,-3405
962,2022-03-23,23,South,9,4857,7754,Offline,-2897
963,2023-05-29,17,East,9,6473,1079,Online,5394
964,2024-03-25,1,North,1,6302,2124,Offline,4178
965,2023-12-10,15,West,7,7534,6629,Offline,905
966,2024-01-16,32,East,9,9912,7991,Online,1921
967,2024-10-19,9,West,6,1447,4164,Offline,-2717
968,2023-12-08,15,East,1,9276,2769,Online,6507
969,2023-04-16,28,East,2,3855,2813,Online,1042
970,2023-01-31,24,East,4,5751,2430,Online,3321
971,2022-09-18,35,East,4,3691,7010,Online,-3319
972,2024-03-15,22,West,2,6347,7086,Online,-739
973,2024-07-22,27,South,8,7216,7950,Offline,-734
974,2024-06-23,19,West,2,1031,624,Online,407
975,2024-12-12,45,East,3,1731,3790,Online,-2059
976,2024-07-28,12,West,4,2197,6494,Offline,-4297
977,2024-05-03,20,West,9,3870,5446,Online,-1576
978,2023-08-16,1,West,1,2045,976,Online,1069
979,2023-12-15,21,East,8,1937,6425,Offline,-4488
980,2023-09-24,49,West,5,9062,7424,Offline,1638
981,2022-02-28,45,North,7,5004,2311,Online,2693
982,2022-05-08,1,East,8,6002,5188,Offline,814
983,2024-01-06,10,West,5,8108,3916,Online,4192
984,2023-12-22,47,North,8,6497,3433,Offline,3064
985,2023-06-10,32,West,8,6066,3004,Offline,3062
986,2023-06-05,39,South,9,8286,1494,Online,6792
987,2023-07-06,22,West,2,9308,7753,Online,1555
988,2022-08-25,18,West,3,4666,6560,Online,-1894
989,2023-05-09,48,South,1,4514,3375,Offline,1139
990,2022-01-04,46,East,4,2756,7533,Offline,-4777
991,2023-10-28,32,South,5,4854,7527,Offline,-2673
992,2023-03-18,27,East,1,3810,1204,Online,2606
993,2022-01-29,28,South,8,7899,4897,Offline,3002
994,2023-09-02,18,West,2,1431,5194,Online,-3763
995,2024-03-15,39,West,1,2829,3204,Online,-375
996,2022-03-16,49,East,2,893,3600,Offline,-2707
997,2024-04-17,29,East,5,2965,1423,Offline,1542
998,2022-05-08,18,North,9,3777,5538,Offline,-1761
999,2022-02-11,44,North,9,5930,6512,Offline,-582
1000,2022-02-10,8,West,2,7502,7107,Offline,395
1001,2024-07-22,31,West,2,9317,7235,Online,2082
1002,2022-02-03,34,North,3,6488,4616,Offline,1872
1003,2024-11-06,7,North,7,8009,3357,Online,4652
1004,2024-09-24,36,East,3,6432,2570,Offline,3862
1005,2023-08-11,18,South,1,9857,3024,Offline,6833
1006,2022-12-08,38,East,6,3281,7971,Online,-4690
1007,2022-01-27,9,North,3,2139,2558,Offline,-419
1008,2023-10-08,9,West,1,9473,4162,Offline,5311
1009,2024-01-01,46,North,4,2774,1230,Online,1544
1010,2022-06-17,8,West,1,2980,3946,Online,-966
1011,2023-09-02,35,West,1,7299,5281,Offline,2018
1012,2022-09-25,18,West,2,9047,7325,Offline,1722
1013,2024-03-31,5,West,8,5174,4657,Offline,517
1014,2023-03-31,14,South,2,4022,6961,Online,-2939
1015,2024-06-24,28,North,2,6604,1571,Offline,5033
1016,2024-07-10,30,East,8,6319,4112,Offline,2207
1017,2024-09-07,4,West,6,663,1097,Offline,-434
1018,2023-12-03,39,West,4,7422,5676,Online,1746
1019,2023-09-26,20,East,3,3881,3434,Offline,447
1020,2022-05-10,25,East,1,2564,3763,Online,-1199
1021,2024-10-16,28,West,3,7089,2887,Online,4202
1022,2024-03-29,12,East,9,7947,716,Online,7231
1023,2023-11-24,2,East,5,4484,6496,Online,-2012
1024,2024-03-04,43,South,6,4387,6183,Online,-1796
1025,2022-01-29,14,East,5,839,4433,Offline,-3594
1026,2022-05-29,22,North,1,5321,2655,Online,2666
1027,2022-01-11,31,North,1,4281,5241,Offline,-960
1028,2023-11-07,23,North,4,4090,1197,Offline,2893
1029,2022-07-06,48,West,3,5630,352,Online,5278
1030,2024-03-17,20,North,8,8191,905,Online,7286
1031,2024-01-14,38,South,7,7815,3977,Online,3838
1032,2022-04-08,4,North,7,8233,4847,Online,3386
1033,2022-02-24,15,West,8,5549,760,Offline,4789
1034,2023-09-15,24,South,7,5204,1074,Offline,4130
1035,2023-10-26,25,North,2,1138,7953,Online,-6815
1036,2024-01-28,1,South,4,8209,6254,Online,1955
1037,2023-02-10,7,South,6,5643,5556,Offline,87
1038,2022-03-10,31,West,3,1724,5791,Offline,-4067
1039,2024-01-21,12,West,3,4745,4330,Online,415
1040,2024-08-15,42,South,6,5923,3627,Offline,2296
1041,2022-12-31,5,North,1,7107,6838,Offline,269
1042,2023-04-27,44,West,1,7907,5456,Offline,2451
1043,2022-07-20,50,South,5,8573,6073,Online,2500
1044,2022-06-03,42,East,1,8652,7614,Online,1038
1045,2022-03-14,38,East,8,9359,7475,Offline,1884
1046,2023-12-14,12,West,2,6268,3622,Online,2646
1047,2022-10-23,39,North,6,2874,2994,Offline,-120
1048,2024-11-06,18,East,5,4590,3818,Offline,772
1049,2022-03-02,2,East,4,1515,6706,Online,-5191
1050,2024-07-27,10,East,1,835,7075,Online,-6240
1051,2022-02-11,15,North,3,580,7906,Offline,-7326
1052,2022-01-25,30,North,4,2634,5678,Online,-3044
1053,2024-11-28,44,West,2,757,5742,Online,-4985
1054,2022-05-11,17,West,2,684,6973,Online,-6289
1055,2022-04-18,4,East,2,7341,6744,Online,597
1056,2022-06-21,7,North,1,622,6284,Offline,-5662
1057,2022-04-12,41,South,2,8556,784,Offline,7772
1058,2024-05-15,31,East,6,7763,4487,Online,3276
1059,2023-06-08,39,West,3,5200,1487,Offline,3713
1060,2022-10-02,34,North,5,7158,4027,Online,3131
1061,2024-12-03,6,West,1,4014,5754,Online,-1740
1062,2024-03-27,50,West,8,6133,4296,Online,1837
1063,2024-08-14,38,North,4,6577,6758,Offline,-181
1064,2024-11-06,45,East,9,1894,6333,Offline,-4439
1065,2022-11-26,34,North,4,2852,3292,Offline,-440
1066,2022-01-12,44,East,2,6461,6681,Online,-220
1067,2022-08-04,15,West,3,4444,2009,Offline,2435
1068,2022-12-05,14,North,5,6905,6526,Offline,379
1069,2023-10-23,6,South,6,990,7112,Online,-6122
1070,2023-01-09,50,East,7,1554,2289,Online,-735
1071,2024-09-02,37,South,4,1201,7576,Online,-6375
1072,2023-12-11,50,East,7,3434,4573,Online,-1139
1073,2023-04-11,32,North,3,5887,4645,Offline,1242
1074,2023-05-04,3,South,7,6537,5160,Offline,1377
1075,2022-02-16,3,North,4,5195,3938,Online,1257
1076,2024-02-17,22,East,8,9826,3014,Online,6812
1077,2024-11-05,22,East,9,8771,7346,Online,1425
1078,2023-12-12,10,East,7,9527,4486,Online,5041
1079,2023-02-05,3,East,8,9343,638,Offline,8705
1080,2024-09-07,12,West,8,916,1961,Online,-1045
1081,2022-09-07,29,East,2,6066,6268,Online,-202
1082,2023-01-26,48,South,9,5673,4564,Offline,1109
1083,2022-12-01,17,East,6,6499,7606,Online,-1107
1084,2023-09-21,7,North,4,4366,7984,Online,-3618
1085,2022-05-17,13,West,5,9437,7021,Online,2416
1086,2024-06-01,2,South,5,2502,3994,Online,-1492
1087,2023-11-19,4,West,7,739,7651,Online,-6912
1088,2024-04-06,10,West,9,2444,5175,Offline,-2731
1089,2023-12-28,39,West,7,7061,469,Offline,6592
1090,2023-08-17,24,North,9,9547,6805,Offline,2742
1091,2024-09-16,17,West,4,6367,6687,Offline,-320
1092,2023-01-07,6,West,4,3694,4533,Online,-839
1093,2024-07-23,19,East,6,8233,3399,Online,4834
1094,2024-09-21,5,North,8,6859,4914,Online,1945
1095,2023-02-06,32,South,9,8087,5817,Online,2270
1096,2023-09-07,10,South,1,5304,6776,Online,-1472
1097,2024-09-21,9,South,1,1853,3312,Online,-1459
1098,2023-09-12,27,North,8,3380,7784,Offline,-4404
1099,2022-07-07,13,South,7,1179,2910,Online,-1731
1100,2022-05-11,19,North,9,9178,2773,Online,6405
1101,2024-03-15,21,East,3,4120,5555,Offline,-1435
1102,2024-07-24,24,East,5,4814,4061,Offline,753
1103,2024-09-12,38,North,3,7364,2988,Online,4376
1104,2022-07-02,4,South,5,1984,5104,Offline,-3120
1105,2024-09-09,24,North,1,1190,1590,Offline,-400
1106,2022-12-30,35,North,4,8583,2335,Online,6248
1107,2022-02-08,3,West,6,6625,406,Online,6219
1108,2023-05-12,4,North,2,9704,2907,Offline,6797
1109,2024-09-08,37,West,7,7168,2485,Offline,4683
1110,2024-07-09,40,East,8,2847,7058,Offline,-4211
1111,2023-12-23,48,West,1,4208,6490,Offline,-2282
1112,2022-01-16,35,North,4,6876,6408,Offline,468
1113,2023-05-08,31,East,4,8430,1988,Offline,6442
1114,2024-06-12,44,West,5,1137,6811,Online,-5674
1115,2022-11-07,25,North,4,6366,305,Online,6061
1116,2024-01-09,40,East,9,7293,822,Offline,6471
1117,2023-06-30,13,West,7,3508,6972,Offline,-3464
1118,2023-02-18,4,North,2,7716,6074,Online,1642
1119,2022-09-08,46,North,1,7872,3643,Offline,4229
1120,2024-01-29,14,South,9,6100,4195,Online,1905
1121,2024-11-28,13,South,1,1899,365,Offline,1534
1122,2024-03-24,27,West,6,8503,6863,Offline,1640
1123,2022-01-29,6,West,2,2005,3710,Offline,-1705
1124,2024-08-15,17,West,4,6342,3281,Offline,3061
1125,2023-04-22,36,North,6,8941,4893,Online,4048
1126,2022-11-14,40,West,5,5820,5888,Online,-68
1127,2022-09-02,49,North,6,9227,6774,Online,2453
1128,2024-01-18,35,West,3,6943,3115,Online,3828
1129,2023-11-28,17,North,5,4049,5396,Offline,-1347
1130,2022-09-29,41,North,2,7452,6058,Online,1394
1131,2023-01-12,2,South,7,9149,7598,Online,1551
1132,2022-09-23,13,East,3,3238,2317,Online,921
1133,2024-07-14,2,North,1,3869,6973,Offline,-3104
1134,2024-07-09,28,West,8,4635,2042,Offline,2593
1135,2022-12-06,43,South,8,8483,6020,Offline,2463
1136,2023-01-24,26,West,3,3911,3809,Offline,102
1137,2023-07-31,22,West,7,6135,4381,Offline,1754
1138,2022-01-03,47,North,9,4569,6686,Online,-2117
1139,2023-01-11,43,North,8,6751,3834,Online,2917
1140,2022-11-20,3,East,3,3685,6793,Online,-3108
1141,2022-05-26,35,North,2,3738,5436,Online,-1698
1142,2022-10-20,12,North,7,8952,5885,Offline,3067
1143,2023-03-08,24,East,7,6237,3082,Online,3155
1144,2023-12-06,5,West,9,9939,7325,Offline,2614
1145,2024-08-06,20,East,5,3073,662,Offline,2411
1146,2023-08-08,39,East,4,7353,3581,Online,3772
1147,2023-02-03,39,East,8,625,7458,Online,-6833
1148,2024-03-27,13,South,4,9921,1934,Online,7987
1149,2024-08-21,41,West,4,1806,824,Online,982
1150,2022-07-06,45,South,2,2601,5226,Online,-2625
1151,2022-03-02,12,South,1,635,7225,Offline,-6590
1152,2024-07-27,13,North,4,7811,2022,Online,5789
1153,2023-12-11,10,East,7,1959,719,Offline,1240
1154,2024-03-17,33,East,9,4731,7229,Offline,-2498
1155,2022-01-11,40,South,9,8156,4528,Online,3628
1156,2024-12-21,16,North,1,1312,6457,Offline,-5145
1157,2022-08-14,45,North,5,8400,4164,Offline,4236
1158,2023-07-18,35,North,7,9543,1367,Offline,8176
1159,2024-02-11,3,West,7,8068,1700,Offline,6368
1160,2024-06-03,5,South,6,1370,6738,Offline,-5368
1161,2022-08-14,26,West,4,9326,1719,Online,7607
1162,2024-04-04,11,North,3,1168,7571,Online,-6403
1163,2022-08-06,7,North,9,1793,6888,Online,-5095
1164,2024-07-25,10,North,4,8960,3433,Offline,5527
1165,2024-01-23,42,East,8,9552,3936,Offline,5616
1166,2023-05-21,34,South,1,9173,6240,Online,2933
1167,2022-09-16,3,East,7,3890,6855,Offline,-2965
1168,2022-02-23,8,West,6,9953,4302,Offline,5651
1169,2024-12-06,31,East,1,8794,929,Offline,7865
1170,2023-12-28,11,South,4,6049,4716,Offline,1333
1171,2023-11-20,45,East,5,5387,5550,Offline,-163
1172,2024-11-09,7,North,8,4834,2134,Online,2700
1173,2023-02-23,45,West,4,6184,7261,Online,-1077
1174,2023-11-21,2,West,3,9573,5618,Offline,3955
1175,2024-04-29,6,North,2,7250,5300,Online,1950
1176,2022-03-03,41,North,4,2735,4431,Online,-1696
1177,2022-08-04,32,North,4,5483,7234,Offline,-1751
1178,2022-01-03,20,South,5,8252,7683,Online,569
1179,2022-06-09,34,East,7,5519,7029,Online,-1510
1180,2024-02-20,50,West,9,8541,2653,Offline,5888
1181,2024-06-11,16,East,2,3077,5986,Online,-2909
1182,2022-11-25,25,North,5,1175,3355,Offline,-2180
1183,2023-08-03,12,North,9,2939,3240,Online,-301
1184,2024-08-09,7,East,3,6087,311,Online,5776
1185,2023-09-27,39,West,1,6445,2430,Online,4015
1186,2024-09-14,17,South,2,9968,3403,Online,6565
1187,2024-07-09,45,East,6,5267,1731,Offline,3536
1188,2024-01-08,11,North,5,7504,3457,Offline,4047
1189,2022-06-19,6,North,1,8228,6382,Online,1846
1190,2023-06-05,23,South,1,7109,6163,Offline,946
1191,2022-02-09,27,East,4,5434,1734,Offline,3700
1192,2024-08-12,46,South,4,4148,1256,Online,2892
1193,2024-09-10,6,South,6,7631,4158,Online,3473
1194,2024-09-01,38,West,6,1812,5108,Offline,-3296
1195,2022-02-07,2,West,6,9765,6438,Offline,3327
1196,2022-11-24,22,North,1,4599,3934,Offline,665
1197,2024-07-02,20,East,9,2154,4203,Offline,-2049
1198,2023-03-30,25,West,7,6518,5675,Online,843
1199,2022-02-06,15,North,7,1785,540,Offline,1245
1200,2024-08-30,49,East,7,8352,7341,Offline,1011
1201,2024-03-06,29,North,2,9226,2255,Offline,6971
1202,2024-08-30,8,West,2,7546,2312,Online,5234
1203,2023-08-16,37,North,6,5680,5291,Offline,389
1204,2024-11-29,49,East,7,1879,7350,Offline,-5471
1205,2022-08-12,33,East,3,1145,4365,Online,-3220
1206,2022-11-14,22,North,4,8715,5871,Online,2844
1207,2022-12-15,50,East,3,5912,3103,Offline,2809
1208,2022-04-25,47,North,7,5152,4203,Online,949
1209,2023-11-29,5,East,7,7334,1324,Offline,6010
1210,2024-11-29,39,North,4,4951,900,Offline,4051
1211,2022-02-09,18,North,7,6603,2629,Online,3974
1212,2022-08-04,38,North,5,7584,2998,Online,4586
1213,2022-12-02,37,South,1,4624,4994,Online,-370
1214,2022-04-02,30,East,4,864,7981,Offline,-7117
1215,2022-12-19,31,West,7,3155,3326,Online,-171
1216,2023-07-25,10,North,2,9100,6280,Offline,2820
1217,2024-03-26,15,South,2,7933,1442,Online,6491
1218,2024-02-20,42,West,1,1814,1311,Offline,503
1219,2022-12-29,48,North,2,5772,7343,Offline,-1571
1220,2023-07-11,44,West,8,718,5924,Online,-5206
1221,2022-12-22,18,South,8,5203,1403,Online,3800
1222,2022-07-10,23,West,8,5631,1946,Offline,3685
1223,2023-02-26,33,North,1,2039,2000,Online,39
1224,2023-12-01,16,West,1,3933,7337,Online,-3404
1225,2022-01-07,38,West,4,2102,5352,Online,-3250
1226,2022-05-13,35,North,6,3204,518,Online,2686
1227,2023-07-11,34,South,8,5564,3888,Online,1676
1228,2024-04-05,28,South,2,4148,1026,Online,3122
1229,2024-01-31,2,West,3,1605,7452,Online,-5847
1230,2024-11-20,30,East,6,6236,6126,Offline,110
1231,2023-06-19,13,West,4,6312,5885,Online,427
1232,2023-03-02,41,East,2,2988,6213,Offline,-3225
1233,2023-11-03,16,West,7,9308,4913,Online,4395
1234,2022-12-29,5,South,4,2918,1111,Offline,1807
1235,2022-03-23,28,West,8,527,6945,Offline,-6418
1236,2022-12-22,39,West,8,8707,6501,Online,2206
1237,2023-08-12,45,East,7,9024,5756,Online,3268
1238,2022-10-22,20,South,9,8477,7977,Online,500
1239,2024-12-05,24,East,4,5161,5209,Online,-48
1240,2022-01-17,27,West,7,5049,5009,Offline,40
1241,2022-12-26,30,North,1,4453,4821,Offline,-368
1242,2024-05-15,45,West,4,4761,1883,Online,2878
1243,2023-12-01,27,West,2,8623,7837,Offline,786
1244,2023-03-24,26,East,9,5473,5830,Online,-357
1245,2024-05-05,7,North,5,8936,6207,Offline,2729
1246,2022-12-31,42,North,3,1856,4337,Online,-2481
1247,2023-11-06,47,East,4,9634,1182,Offline,8452
1248,2024-10-04,38,South,6,3967,6094,Online,-2127
1249,2023-04-12,5,North,1,7464,731,Offline,6733
1250,2023-02-18,23,North,7,7567,4334,Online,3233
1251,2023-08-09,28,East,8,2245,7663,Online,-5418
1252,2024-09-20,34,South,7,4379,5796,Offline,-1417
1253,2023-07-26,15,South,7,4277,1247,Offline,3030
1254,2022-12-01,32,West,9,2615,5784,Offline,-3169
1255,2022-02-06,26,West,4,6757,4207,Offline,2550
1256,2024-09-15,48,East,7,2767,1967,Offline,800
1257,2022-10-05,31,South,9,2767,3282,Online,-515
1258,2024-07-04,19,East,5,7586,6848,Offline,738
1259,2023-04-29,9,West,2,4981,2839,Offline,2142
1260,2024-01-01,29,East,5,7965,2413,Offline,5552
1261,2022-07-11,39,East,4,1429,5307,Offline,-3878
1262,2024-11-06,4,North,8,8273,690,Online,7583
1263,2023-06-08,3,North,5,3824,382,Online,3442
1264,2024-07-06,29,North,9,5087,1302,Online,3785
1265,2023-02-05,11,West,9,856,780,Online,76
1266,2024-06-04,33,East,3,4810,1076,Offline,3734
1267,2023-12-06,38,North,6,4564,7696,Online,-3132
1268,2022-01-22,11,North,6,5999,4389,Online,1610
1269,2023-04-19,27,North,4,4341,7228,Offline,-2887
1270,2022-07-29,33,West,3,9518,2054,Offline,7464
1271,2022-11-02,21,West,1,5833,1548,Offline,4285
1272,2023-12-05,39,East,7,7171,1436,Offline,5735
1273,2023-11-18,31,East,5,7559,2999,Offline,4560
1274,2022-10-12,38,East,7,1165,3556,Offline,-2391
1275,2023-12-17,46,North,1,7353,1835,Online,5518
1276,2024-02-02,2,South,8,1053,3544,Online,-2491
1277,2024-08-05,27,West,3,9019,6307,Offline,2712
1278,2023-01-16,36,North,7,7545,822,Online,6723
1279,2023-04-05,11,North,3,9880,6328,Offline,3552
1280,2024-10-27,47,East,3,7783,1994,Offline,5789
1281,2022-01-29,18,East,9,649,2552,Online,-1903
1282,2024-06-25,1,North,2,3353,5137,Online,-1784
1283,2024-11-22,35,West,4,3236,3909,Online,-673
1284,2024-05-28,35,West,6,1456,6762,Online,-5306
1285,2022-03-20,31,North,3,5680,7626,Online,-1946
1286,2024-08-04,28,South,7,9107,577,Offline,8530
1287,2023-04-04,39,South,7,3145,7345,Online,-4200
1288,2023-07-24,1,West,5,4274,447,Online,3827
1289,2024-01-08,25,East,3,5513,5173,Offline,340
1290,2023-05-31,43,South,2,584,5502,Online,-4918
1291,2023-02-01,38,South,4,2435,4814,Online,-2379
1292,2022-02-08,20,East,4,9762,2885,Online,6877
1293,2024-06-05,3,South,8,7249,3954,Online,3295
1294,2024-03-07,2,North,8,2001,3920,Online,-1919
1295,2022-06-06,18,South,5,7069,2739,Offline,4330
1296,2024-06-02,44,East,6,2973,5552,Online,-2579
1297,2024-08-31,10,North,8,1235,1239,Online,-4
1298,2024-11-11,5,South,1,3338,6415,Offline,-3077
1299,2024-04-28,9,West,5,3062,4009,Online,-947
1300,2024-01-18,2,North,4,4406,6023,Offline,-1617
1301,2024-09-15,34,North,4,1772,4637,Offline,-2865
1302,2022-01-21,38,West,2,5336,7918,Offline,-2582
1303,2022-10-30,31,West,1,2362,5394,Online,-3032
1304,2024-05-18,10,South,6,4726,1523,Online,3203
1305,2022-03-25,50,South,7,9514,7584,Online,1930
1306,2023-07-24,12,East,5,1042,5638,Online,-4596
1307,2024-07-22,36,East,8,6709,7772,Offline,-1063
1308,2024-10-05,21,North,9,3265,6686,Offline,-3421
1309,2024-03-03,49,West,2,7768,3663,Offline,4105
1310,2024-03-02,47,West,4,1384,3323,Online,-1939
1311,2023-05-07,6,East,9,4149,2117,Offline,2032
1312,2022-07-27,48,North,5,7390,3672,Online,3718
1313,2024-12-19,49,North,3,4071,6248,Offline,-2177
1314,2023-03-06,3,East,6,4433,983,Offline,3450
1315,2024-09-11,10,East,3,6356,5807,Offline,549
1316,2023-06-04,5,East,5,4166,7031,Online,-2865
1317,2023-08-14,46,South,3,9066,1532,Offline,7534
1318,2024-11-16,26,North,6,1057,3685,Offline,-2628
1319,2022-07-18,21,North,5,9972,916,Online,9056
1320,2023-01-22,45,North,9,6540,6423,Offline,117
1321,2022-12-15,26,East,3,1628,2373,Offline,-745
1322,2024-08-17,38,East,6,1860,3210,Online,-1350
1323,2023-11-24,44,East,8,5920,6522,Online,-602
1324,2023-01-13,26,East,7,9792,5407,Online,4385
1325,2024-06-17,8,West,6,5849,2317,Online,3532
1326,2024-07-04,5,East,2,3125,4523,Offline,-1398
1327,2023-06-11,15,South,7,557,4808,Offline,-4251
1328,2024-01-04,16,West,8,9819,2484,Online,7335
1329,2022-07-25,1,West,1,9003,1657,Offline,7346
1330,2023-03-31,16,East,9,6348,6991,Offline,-643
1331,2023-06-05,37,North,4,3237,6831,Online,-3594
1332,2024-10-13,3,East,8,5993,4966,Offline,1027
1333,2024-08-13,47,North,7,4377,7697,Offline,-3320
1334,2023-12-27,31,East,7,2782,3363,Offline,-581
1335,2024-10-10,13,East,2,7286,2768,Online,4518
1336,2023-05-16,16,North,1,6008,7591,Offline,-1583
1337,2022-04-27,43,North,4,1931,7555,Offline,-5624
1338,2023-01-21,21,North,2,2275,4220,Offline,-1945
1339,2023-08-07,2,North,8,4707,4536,Online,171
1340,2023-01-30,27,South,7,4885,2239,Online,2646
1341,2024-12-23,38,North,8,6851,4156,Offline,2695
1342,2023-12-22,26,East,6,4474,350,Offline,4124
1343,2022-03-13,38,East,1,6405,7430,Online,-1025
1344,2022-10-01,46,South,9,5177,3276,Online,1901
1345,2022-12-04,25,North,6,4965,5824,Online,-859
1346,2023-08-30,11,East,1,8911,1660,Online,7251
1347,2022-06-15,8,South,1,3802,7105,Offline,-3303
1348,2022-01-11,8,East,8,7445,4036,Online,3409
1349,2023-12-30,33,South,6,2802,4102,Online,-1300
1350,2024-03-11,7,South,8,6785,4102,Online,2683
1351,2022-04-12,38,West,8,5466,665,Online,4801
1352,2024-02-18,21,West,8,4226,3255,Offline,971
1353,2022-08-02,8,North,7,2542,6330,Offline,-3788
1354,2023-02-05,21,West,7,9214,3345,Offline,5869
1355,2023-08-11,20,South,4,3498,2303,Offline,1195
1356,2024-06-07,8,East,9,8471,3201,Online,5270
1357,2024-12-05,46,East,2,1409,557,Offline,852
1358,2023-08-15,31,North,9,4633,3759,Offline,874
1359,2022-04-02,50,West,3,2380,344,Online,2036
1360,2023-11-04,29,North,2,3060,568,Offline,2492
1361,2023-12-15,48,South,4,8027,1634,Offline,6393
1362,2024-07-24,9,West,5,6196,971,Offline,5225
1363,2022-08-30,15,North,2,3572,7462,Online,-3890
1364,2022-01-02,30,East,1,4976,5697,Online,-721
1365,2022-08-13,26,East,5,4989,7300,Online,-2311
1366,2024-03-11,10,North,9,4991,7942,Offline,-2951
1367,2023-08-12,29,North,5,9236,3938,Online,5298
1368,2022-04-26,16,North,9,7355,6588,Online,767
1369,2024-07-06,36,South,6,7901,6385,Offline,1516
1370,2022-07-13,20,South,3,3597,534,Online,3063
1371,2024-05-20,45,East,4,4005,7134,Offline,-3129
1372,2022-03-31,37,South,4,1584,7163,Offline,-5579
1373,2022-05-02,22,South,1,1052,3507,Online,-2455
1374,2022-05-23,7,West,3,6060,5864,Offline,196
1375,2024-09-20,23,South,3,1653,2700,Offline,-1047
1376,2022-04-16,41,West,1,5973,1717,Offline,4256
1377,2024-06-05,40,South,9,2745,5389,Online,-2644
1378,2023-03-04,29,East,1,2186,4670,Offline,-2484
1379,2022-11-13,16,North,9,6335,7851,Online,-1516
1380,2023-09-27,38,East,1,1193,5305,Online,-4112
1381,2022-01-09,28,South,2,8038,7790,Offline,248
1382,2024-02-13,48,North,2,8591,3554,Offline,5037
1383,2022-08-11,38,North,6,6335,739,Offline,5596
1384,2023-07-07,31,North,7,9189,5482,Offline,3707
1385,2023-12-17,14,West,1,7294,6292,Offline,1002
1386,2022-04-21,33,East,3,9304,6146,Online,3158
1387,2022-09-08,9,West,2,9067,5267,Online,3800
1388,2023-01-18,27,North,8,1305,950,Offline,355
1389,2022-01-07,24,East,9,1420,7386,Online,-5966
1390,2023-04-04,13,East,2,4104,333,Online,3771
1391,2022-07-27,26,South,2,1943,3052,Online,-1109
1392,2024-06-18,29,West,9,7548,5262,Offline,2286
1393,2022-01-22,49,West,4,2045,3332,Online,-1287
1394,2023-02-14,43,South,5,1710,5227,Online,-3517
1395,2024-06-13,28,West,9,6712,7944,Online,-1232
1396,2023-05-30,28,North,6,5187,1410,Offline,3777
1397,2024-03-19,8,North,9,5810,3581,Online,2229
1398,2024-05-23,23,West,9,1413,761,Offline,652
1399,2022-01-14,29,South,7,3280,6524,Online,-3244
1400,2024-08-28,5,East,9,9081,621,Offline,8460
1401,2024-09-04,42,West,5,8232,4810,Online,3422
1402,2024-10-10,7,East,5,5487,2174,Offline,3313
1403,2024-11-01,42,South,8,4125,3339,Online,786
1404,2022-03-28,36,East,4,9762,2537,Offline,7225
1405,2024-06-27,41,South,9,7826,4321,Offline,3505
1406,2022-05-02,27,South,7,3070,1556,Online,1514
1407,2024-01-20,46,North,7,4237,2739,Online,1498
1408,2023-11-16,2,North,3,3279,4309,Offline,-1030
1409,2022-11-05,25,South,4,9030,3540,Offline,5490
1410,2023-11-26,9,West,7,2476,7910,Online,-5434
1411,2022-10-15,27,North,5,1294,4563,Offline,-3269
1412,2022-11-03,1,South,3,2222,3602,Online,-1380
1413,2024-07-02,23,East,1,1398,5569,Online,-4171
1414,2023-10-24,10,East,7,602,3011,Offline,-2409
1415,2023-07-03,42,West,6,7953,1709,Online,6244
1416,2022-11-08,25,East,7,2532,2728,Offline,-196
1417,2024-05-22,3,East,2,6672,2132,Online,4540
1418,2024-12-18,6,South,4,2034,2324,Online,-290
1419,2024-07-12,6,East,2,7697,3646,Online,4051
1420,2024-01-25,2,East,8,5070,6036,Online,-966
1421,2022-02-04,18,East,7,7206,5293,Online,1913
1422,2023-03-21,23,East,1,934,4231,Online,-3297
1423,2022-04-03,2,South,2,9949,3211,Online,6738
1424,2022-12-19,12,East,2,8746,6505,Online,2241
1425,2024-06-21,22,West,4,9622,7934,Online,1688
1426,2024-05-11,37,North,3,9003,6971,Online,2032
1427,2022-06-08,20,West,1,7756,5257,Online,2499
1428,2024-08-14,39,North,2,9648,4545,Online,5103
1429,2022-01-24,24,West,9,6961,3513,Offline,3448
1430,2023-02-08,48,North,1,4583,2463,Offline,2120
1431,2024-03-15,20,North,9,6496,5219,Online,1277
1432,2023-05-31,1,North,7,5352,6508,Online,-1156
1433,2024-01-02,1,North,2,3012,1752,Offline,1260
1434,2023-06-16,17,South,2,6028,6753,Online,-725
1435,2024-08-13,1,West,5,1763,3053,Online,-1290
1436,2022-06-01,45,North,5,6451,3201,Online,3250
1437,2024-08-04,30,West,4,3247,5849,Offline,-2602
1438,2023-08-31,41,East,3,7780,3371,Online,4409
1439,2023-02-24,47,North,4,1593,7628,Offline,-6035
1440,2024-05-15,3,West,4,4263,4346,Offline,-83
1441,2023-08-01,46,South,2,7851,605,Online,7246
1442,2022-12-01,11,West,5,732,1684,Offline,-952
1443,2024-07-20,24,North,5,2601,7745,Offline,-5144
1444,2022-10-22,22,East,5,2528,3667,Offline,-1139
1445,2024-01-25,44,West,1,6733,1874,Online,4859
1446,2022-07-05,45,East,6,8426,1172,Online,7254
1447,2023-09-29,26,South,2,2429,468,Offline,1961
1448,2023-06-14,13,West,7,9099,5878,Online,3221
1449,2022-01-21,1,West,4,3840,1903,Offline,1937
1450,2024-06-29,24,South,5,2477,1330,Online,1147
1451,2024-05-16,10,South,5,2913,2034,Online,879
1452,2024-03-04,35,South,5,8526,7599,Offline,927
1453,2022-04-10,24,North,2,5918,7031,Online,-1113
1454,2024-01-22,28,North,5,6525,7205,Offline,-680
1455,2023-04-23,36,West,3,5437,4742,Online,695
1456,2024-07-28,16,West,4,4097,7398,Offline,-3301
1457,2023-06-10,40,West,2,1878,3967,Online,-2089
1458,2022-11-30,16,East,4,1120,5130,Offline,-4010
1459,2022-01-02,17,South,9,1429,1576,Online,-147
1460,2023-01-10,15,West,8,7044,6853,Online,191
1461,2022-10-20,16,South,3,8072,842,Offline,7230
1462,2024-04-16,15,North,1,6326,654,Online,5672
1463,2024-10-01,34,South,1,1474,5108,Offline,-3634
1464,2023-07-07,11,East,6,2189,4336,Online,-2147
1465,2022-11-14,1,East,3,5171,3739,Offline,1432
1466,2023-01-16,15,South,4,7420,883,Offline,6537
1467,2022-01-14,26,East,1,7276,810,Offline,6466
1468,2023-05-19,4,East,8,9417,6976,Offline,2441
1469,2022-08-19,43,North,1,8853,6971,Offline,1882
1470,2022-05-10,5,West,5,8284,1246,Offline,7038
1471,2024-04-17,35,East,6,1158,7995,Offline,-6837
1472,2024-06-09,13,West,2,3397,3773,Offline,-376
1473,2022-01-28,10,South,7,6168,1498,Online,4670
1474,2022-03-07,11,South,7,6725,3171,Online,3554
1475,2022-09-18,18,East,1,3042,4295,Online,-1253
1476,2023-04-05,34,South,4,9766,4221,Online,5545
1477,2022-10-28,39,North,4,3705,4473,Offline,-768
1478,2024-07-07,41,East,5,4544,4835,Offline,-291
1479,2022-10-14,42,East,1,3933,6171,Online,-2238
1480,2024-10-30,50,East,1,7211,6992,Online,219
1481,2023-09-22,23,South,7,7884,3603,Offline,4281
1482,2022-09-27,7,South,9,1377,2747,Online,-1370
1483,2023-08-15,39,East,1,1591,3584,Offline,-1993
1484,2024-04-23,3,West,2,3559,1516,Online,2043
1485,2024-05-11,12,South,6,7507,7144,Offline,363
1486,2022-05-13,7,South,6,5762,1590,Offline,4172
1487,2024-08-29,49,East,2,8013,4521,Online,3492
1488,2023-05-28,26,West,9,2174,6134,Online,-3960
1489,2022-11-09,33,East,4,3326,7277,Offline,-3951
1490,2023-07-30,37,South,7,9909,7849,Online,2060
1491,2024-06-04,48,East,6,3552,6987,Online,-3435
1492,2023-11-18,15,East,3,813,801,Offline,12
1493,2022-06-14,2,East,8,9421,7870,Online,1551
1494,2022-11-01,41,West,7,883,3171,Online,-2288
1495,2022-06-05,7,East,9,6384,7728,Offline,-1344
1496,2023-09-12,32,South,3,2312,686,Offline,1626
1497,2024-08-14,4,East,1,2824,711,Offline,2113
1498,2022-11-30,20,West,2,5748,5765,Online,-17
1499,2024-08-26,50,North,1,3929,2306,Offline,1623
1500,2023-05-26,36,West,5,3791,5513,Online,-1722
1501,2024-11-09,32,East,2,7673,6771,Online,902
1502,2022-10-09,28,North,3,5346,2447,Online,2899
1503,2024-03-07,13,East,8,7267,4168,Online,3099
1504,2024-10-21,1,West,5,727,6904,Offline,-6177
1505,2022-04-29,35,North,4,6573,1638,Online,4935
1506,2024-11-24,48,North,5,6204,6468,Online,-264
1507,2022-07-17,30,East,6,8703,6337,Online,2366
1508,2023-04-30,36,East,7,8265,6937,Offline,1328
1509,2024-12-18,25,West,9,2022,652,Offline,1370
1510,2024-04-16,16,East,1,1191,5264,Offline,-4073
1511,2024-10-05,19,North,4,2239,3488,Online,-1249
1512,2023-11-22,1,South,9,2025,6642,Online,-4617
1513,2024-11-01,5,South,5,569,1602,Offline,-1033
1514,2023-05-05,22,West,8,6751,1146,Offline,5605
1515,2022-10-03,24,East,1,3623,5498,Online,-1875
1516,2023-11-24,43,West,4,5224,5843,Offline,-619
1517,2022-08-30,45,South,9,8149,7821,Online,328
1518,2022-05-06,37,South,1,1787,825,Offline,962
1519,2022-08-05,36,East,1,9267,6984,Online,2283
1520,2024-11-28,36,North,4,5454,6075,Online,-621
1521,2023-05-10,4,East,3,1244,2824,Online,-1580
1522,2023-03-03,36,South,7,6775,2178,Offline,4597
1523,2024-07-07,18,North,3,5076,4405,Offline,671
1524,2022-05-31,50,West,1,5576,3930,Online,1646
1525,2023-01-19,16,South,2,9716,7970,Offline,1746
1526,2022-11-04,41,West,4,1441,5679,Online,-4238
1527,2024-01-16,18,North,1,5550,6967,Offline,-1417
1528,2024-06-10,22,West,1,1267,7253,Offline,-5986
1529,2023-01-10,2,South,8,2938,4109,Online,-1171
1530,2024-10-28,21,East,7,9525,3119,Offline,6406
1531,2022-05-09,36,West,8,9319,6015,Offline,3304
1532,2024-10-11,44,South,4,876,6279,Online,-5403
1533,2023-10-31,39,South,6,589,3207,Online,-2618
1534,2023-06-01,47,North,3,9757,3377,Online,6380
1535,2022-03-27,39,South,8,6566,4130,Online,2436
1536,2022-11-07,29,East,4,9750,1358,Offline,8392
1537,2023-03-03,26,East,3,6075,6618,Offline,-543
1538,2022-04-24,21,West,4,3155,2789,Online,366
1539,2022-10-30,17,West,6,2015,3948,Offline,-1933
1540,2024-01-14,16,West,7,3517,5566,Online,-2049
1541,2023-08-11,31,West,7,8311,5988,Online,2323
1542,2024-09-13,9,East,4,7843,3564,Online,4279
1543,2022-12-11,31,North,8,2073,7480,Offline,-5407
1544,2024-03-24,14,West,7,6097,6323,Offline,-226
1545,2024-03-11,49,North,2,4426,3901,Offline,525
1546,2024-10-21,37,South,8,4296,2593,Online,1703
1547,2024-12-12,2,South,9,9323,974,Online,8349
1548,2024-12-28,48,West,5,1732,2178,Offline,-446
1549,2022-12-27,46,South,4,2764,6557,Offline,-3793
1550,2024-10-06,14,North,4,2547,1311,Offline,1236
1551,2023-12-05,33,North,4,1035,1093,Offline,-58
1552,2023-07-29,35,South,6,8384,532,Online,7852
1553,2023-11-19,39,West,4,7381,6097,Offline,1284
1554,2024-02-20,47,North,7,7878,3327,Offline,4551
1555,2023-08-08,20,North,7,3597,5741,Online,-2144
1556,2023-08-12,2,East,5,9967,3909,Offline,6058
1557,2023-05-04,41,West,5,3573,2473,Offline,1100
1558,2024-08-28,19,East,8,1525,3684,Offline,-2159
1559,2023-05-09,37,South,7,2551,4906,Online,-2355
1560,2022-01-19,18,South,7,4121,5903,Online,-1782
1561,2023-02-01,16,East,6,5063,2628,Offline,2435
1562,2024-09-27,4,West,7,8892,1097,Online,7795
1563,2024-04-30,12,North,7,4903,7421,Offline,-2518
1564,2024-04-01,29,South,2,3823,7346,Offline,-3523
1565,2023-03-31,7,West,2,3858,5702,Online,-1844
1566,2023-12-26,14,West,7,6641,7094,Offline,-453
1567,2024-12-24,12,South,7,5517,3984,Online,1533
1568,2023-12-12,35,South,7,6935,4787,Online,2148
1569,2022-05-23,5,West,5,7821,7990,Online,-169
1570,2024-07-05,17,North,1,3471,4777,Offline,-1306
1571,2024-04-07,42,East,2,9277,6659,Offline,2618
1572,2023-08-28,32,South,9,3845,2889,Offline,956
1573,2022-11-01,10,East,8,6316,5001,Offline,1315
1574,2024-01-06,43,West,8,5104,4511,Online,593
1575,2022-10-18,17,East,1,3924,808,Offline,3116
1576,2022-04-12,5,North,6,4600,7967,Offline,-3367
1577,2024-05-16,45,West,9,9051,6714,Online,2337
1578,2024-08-25,42,North,8,3977,1763,Online,2214
1579,2024-08-31,9,West,3,7682,3662,Offline,4020
1580,2024-04-21,49,North,4,7940,3410,Online,4530
1581,2024-08-19,33,West,3,5158,1347,Offline,3811
1582,2024-07-30,36,North,6,3312,5171,Offline,-1859
1583,2024-10-23,36,West,9,544,5462,Online,-4918
1584,2022-03-26,18,North,8,1133,5589,Online,-4456
1585,2022-11-24,9,West,4,9902,4735,Offline,5167
1586,2024-03-26,29,North,2,7304,468,Offline,6836
1587,2023-03-30,50,South,8,3268,6234,Offline,-2966
1588,2023-09-21,14,East,8,9285,1861,Offline,7424
1589,2023-10-27,25,West,6,8375,7939,Offline,436
1590,2022-01-12,15,North,8,2426,7105,Online,-4679
1591,2022-10-31,6,South,9,1356,6586,Offline,-5230
1592,2024-09-01,42,West,1,6488,3472,Online,3016
1593,2024-02-22,29,West,9,9243,874,Online,8369
1594,2022-02-12,15,West,2,8347,6024,Online,2323
1595,2024-08-01,29,East,1,4638,2042,Offline,2596
1596,2022-12-09,4,North,8,4774,4870,Offline,-96
1597,2023-05-13,18,North,8,1106,4316,Online,-3210
1598,2022-12-30,50,West,4,9363,2658,Online,6705
1599,2024-06-09,49,West,8,5522,7527,Online,-2005
1600,2023-03-03,44,West,7,516,4324,Online,-3808
1601,2024-10-01,39,South,2,6234,7496,Online,-1262
1602,2022-01-21,16,West,5,3373,830,Offline,2543
1603,2023-02-11,11,East,4,8265,1290,Online,6975
1604,2023-09-11,14,North,3,5649,2420,Offline,3229
1605,2024-10-11,3,East,1,5811,5813,Online,-2
1606,2022-12-02,50,West,5,2984,5264,Online,-2280
1607,2023-02-03,42,South,8,6822,2741,Offline,4081
1608,2024-03-03,38,West,9,9307,6177,Offline,3130
1609,2023-12-16,45,West,7,7277,2828,Online,4449
1610,2022-02-20,42,West,1,3705,2820,Offline,885
1611,2022-11-20,18,West,1,4907,4708,Offline,199
1612,2024-02-28,20,West,1,4307,1761,Online,2546
1613,2022-05-21,48,North,2,9216,1251,Online,7965
1614,2023-04-15,25,East,1,3673,6767,Online,-3094
1615,2024-02-26,38,South,4,1973,5408,Offline,-3435
1616,2024-08-21,13,West,9,3838,1264,Online,2574
1617,2024-10-04,4,South,4,5057,2434,Online,2623
1618,2023-01-08,14,North,4,2912,4754,Offline,-1842
1619,2023-05-09,33,East,7,2651,994,Online,1657
1620,2024-01-21,28,West,9,3682,2544,Offline,1138
1621,2022-10-18,37,North,7,9119,3103,Offline,6016
1622,2022-04-16,8,North,1,8662,4211,Online,4451
1623,2023-11-01,44,East,1,5064,3324,Offline,1740
1624,2022-01-02,34,West,4,1514,1708,Offline,-194
1625,2023-08-12,44,East,4,2104,5537,Online,-3433
1626,2023-10-06,5,East,1,1369,4893,Offline,-3524
1627,2022-03-31,5,South,6,7413,5303,Online,2110
1628,2022-12-16,31,South,2,3227,3278,Online,-51
1629,2024-11-28,45,East,5,3352,761,Online,2591
1630,2024-06-27,9,South,8,9577,7963,Online,1614
1631,2022-06-08,42,North,3,3108,1917,Online,1191
1632,2024-08-16,32,East,9,1773,7413,Offline,-5640
1633,2022-11-08,33,West,7,8149,7714,Offline,435
1634,2023-03-21,3,West,9,2455,6677,Offline,-4222
1635,2022-10-25,30,North,1,9278,716,Online,8562
1636,2024-08-09,50,West,5,8892,5886,Online,3006
1637,2022-02-05,12,West,3,5049,5901,Online,-852
1638,2023-07-13,29,East,4,9517,1688,Online,7829
1639,2024-06-09,3,North,4,8802,6596,Offline,2206
1640,2022-05-21,26,East,7,8600,4667,Offline,3933
1641,2024-06-05,30,North,8,3411,4787,Online,-1376
1642,2023-12-27,9,East,5,9599,2894,Online,6705
1643,2024-11-15,26,East,7,6368,5120,Online,1248
1644,2023-06-05,2,South,3,6163,2046,Offline,4117
1645,2022-01-10,3,West,3,1054,3801,Offline,-2747
1646,2024-09-10,46,North,3,8798,6070,Online,2728
1647,2023-01-13,4,West,4,3836,6632,Online,-2796
1648,2023-11-13,25,South,6,6869,3159,Offline,3710
1649,2023-08-07,13,North,5,3034,4278,Offline,-1244
1650,2022-06-01,39,South,8,2726,7719,Online,-4993
1651,2023-12-21,44,West,5,3793,4790,Online,-997
1652,2024-12-08,35,East,5,666,5057,Online,-4391
1653,2024-05-08,23,South,2,4124,1152,Offline,2972
1654,2022-02-19,9,South,5,2847,3590,Online,-743
1655,2023-10-26,2,East,7,1904,7037,Offline,-5133
1656,2023-06-15,41,West,2,6678,6633,Online,45
1657,2024-12-19,44,South,6,3274,6677,Online,-3403
1658,2024-05-06,31,West,7,9517,2011,Online,7506
1659,2022-05-26,44,East,5,9816,6675,Offline,3141
1660,2024-07-03,47,North,9,9260,6801,Online,2459
1661,2024-09-19,2,South,4,4239,2825,Offline,1414
1662,2022-08-30,32,West,1,8518,3946,Online,4572
1663,2023-08-04,18,East,8,4964,7896,Offline,-2932
1664,2023-11-18,13,East,8,8241,2330,Online,5911
1665,2023-04-28,46,South,7,8136,536,Offline,7600
1666,2023-11-04,5,North,8,8520,1356,Online,7164
1667,2023-09-23,42,South,2,7788,2560,Offline,5228
1668,2023-10-23,44,West,3,4594,5991,Offline,-1397
1669,2023-10-24,10,East,9,3430,2726,Online,704
1670,2024-03-15,43,North,1,1263,1325,Offline,-62
1671,2023-02-23,25,West,8,3950,1208,Offline,2742
1672,2024-09-14,34,South,8,3895,749,Online,3146
1673,2023-10-12,37,East,7,4219,868,Offline,3351
1674,2024-08-26,30,South,5,5301,3798,Online,1503
1675,2023-08-13,7,North,4,8912,3160,Online,5752
1676,2023-05-24,6,North,6,2361,6069,Offline,-3708
1677,2023-03-17,3,North,1,9713,2626,Offline,7087
1678,2024-07-09,13,North,5,609,4609,Offline,-4000
1679,2024-02-09,3,North,4,7049,6170,Offline,879
1680,2022-09-20,26,South,4,9390,1608,Offline,7782
1681,2023-09-29,24,North,7,6029,1017,Online,5012
1682,2023-04-04,6,North,9,8799,1269,Online,7530
1683,2024-09-25,43,East,8,9080,3645,Offline,5435
1684,2023-12-01,49,North,8,9116,7478,Offline,1638
1685,2022-10-29,42,East,5,2994,7314,Offline,-4320
1686,2023-07-08,12,East,6,8232,7514,Offline,718
1687,2022-10-15,49,East,2,6259,7982,Offline,-1723
1688,2023-09-13,36,South,3,2027,6061,Online,-4034
1689,2024-10-02,2,South,5,2526,2785,Online,-259
1690,2022-02-05,11,West,2,2355,3955,Online,-1600
1691,2024-01-14,39,West,3,9138,3018,Offline,6120
1692,2022-12-19,34,East,4,2097,1203,Offline,894
1693,2022-03-14,26,South,6,8901,1750,Offline,7151
1694,2023-10-10,18,North,5,1348,1755,Online,-407
1695,2024-12-29,21,West,4,6458,7597,Online,-1139
1696,2023-03-01,36,South,2,4029,7489,Online,-3460
1697,2024-09-25,40,North,5,2418,7335,Online,-4917
1698,2023-12-09,46,North,5,9268,6832,Offline,2436
1699,2023-07-15,44,South,7,6261,4530,Offline,1731
1700,2024-04-07,22,West,1,1188,831,Offline,357
1701,2024-08-13,30,South,4,9481,2567,Offline,6914
1702,2023-06-01,50,West,5,6806,632,Offline,6174
1703,2023-03-04,43,East,8,5572,5549,Offline,23
1704,2022-06-09,30,South,8,1855,7499,Online,-5644
1705,2022-05-29,8,South,1,2187,6021,Offline,-3834
1706,2024-02-15,34,West,5,9041,5844,Offline,3197
1707,2022-03-08,47,West,1,9821,1621,Offline,8200
1708,2024-10-10,9,South,1,4850,5923,Offline,-1073
1709,2023-01-16,20,North,2,7001,4352,Offline,2649
1710,2022-02-27,40,North,2,6586,2008,Offline,4578
1711,2022-12-08,25,North,9,4708,6800,Offline,-2092
1712,2023-12-28,19,East,4,7167,3826,Offline,3341
1713,2024-02-09,5,East,3,1490,700,Online,790
1714,2023-09-06,11,West,1,5790,6407,Online,-617
1715,2022-12-20,15,East,2,1876,7339,Online,-5463
1716,2022-04-26,8,North,6,9918,3930,Offline,5988
1717,2023-10-24,19,South,9,7747,3337,Online,4410
1718,2023-03-29,23,East,5,7702,7152,Offline,550
1719,2022-10-14,27,East,4,9255,4291,Online,4964
1720,2024-10-13,40,North,5,6804,1778,Online,5026
1721,2022-11-07,32,East,9,3387,2214,Offline,1173
1722,2022-07-27,26,West,7,7181,1357,Offline,5824
1723,2023-09-10,27,South,8,8113,6691,Offline,1422
1724,2023-03-22,19,North,4,1840,3293,Offline,-1453
1725,2023-11-01,50,West,8,8472,341,Online,8131
1726,2023-09-25,42,North,6,594,5196,Online,-4602
1727,2022-02-24,29,West,5,3796,2470,Offline,1326
1728,2024-06-30,39,South,7,6398,326,Online,6072
1729,2024-11-01,41,South,6,9640,3833,Online,5807
1730,2023-10-19,33,West,3,3192,2918,Online,274
1731,2024-09-06,19,West,5,4661,1470,Offline,3191
1732,2023-05-30,37,West,9,8626,6939,Offline,1687
1733,2022-08-25,19,West,7,3781,3998,Offline,-217
1734,2022-12-14,33,West,4,1997,6929,Online,-4932
1735,2023-09-19,47,West,7,7553,7927,Offline,-374
1736,2023-09-22,16,South,5,7214,7342,Offline,-128
1737,2022-12-30,23,West,2,8157,1010,Online,7147
1738,2022-11-17,7,East,6,8503,3499,Offline,5004
1739,2022-10-13,26,South,7,8191,2723,Offline,5468
1740,2022-05-29,32,North,8,8606,2318,Offline,6288
1741,2023-02-10,12,South,6,701,5060,Online,-4359
1742,2024-09-04,8,North,8,1998,5178,Offline,-3180
1743,2023-04-01,5,North,7,3586,3198,Online,388
1744,2024-03-10,42,East,2,3090,6375,Online,-3285
1745,2024-10-09,28,West,6,7625,2347,Online,5278
1746,2024-02-23,5,West,9,8360,5502,Online,2858
1747,2023-04-05,49,South,6,5908,1858,Online,4050
1748,2024-01-08,26,West,4,2448,3894,Online,-1446
1749,2023-05-24,5,East,7,4463,2022,Offline,2441
1750,2023-04-26,22,South,3,1193,4352,Offline,-3159
1751,2022-04-24,15,South,5,5863,1951,Online,3912
1752,2024-01-19,13,South,1,6387,7117,Online,-730
1753,2022-12-27,28,West,3,8234,5522,Offline,2712
1754,2022-12-07,33,West,8,6217,2078,Offline,4139
1755,2024-02-09,43,West,9,5793,7986,Offline,-2193
1756,2024-01-31,23,South,9,4551,6805,Online,-2254
1757,2024-08-26,33,South,2,2791,983,Online,1808
1758,2023-03-25,43,North,4,3198,1579,Offline,1619
1759,2024-04-14,18,North,5,9702,2594,Online,7108
1760,2022-11-07,50,West,3,1541,2310,Online,-769
1761,2022-09-19,30,South,1,2057,1515,Online,542
1762,2023-02-10,26,West,6,1707,6045,Online,-4338
1763,2022-05-23,16,West,2,4121,2882,Offline,1239
1764,2022-12-08,13,North,9,3852,2193,Online,1659
1765,2022-09-01,39,East,1,7955,613,Online,7342
1766,2023-05-05,33,West,9,2178,7743,Online,-5565
1767,2022-01-12,26,East,7,9472,4294,Online,5178
1768,2023-07-15,48,East,2,7252,5792,Offline,1460
1769,2022-02-11,1,South,6,1445,743,Online,702
1770,2023-11-09,49,South,8,3928,1971,Online,1957
1771,2023-08-17,38,West,2,8473,3216,Offline,5257
1772,2022-05-14,2,North,5,7668,3566,Online,4102
1773,2024-12-26,49,North,6,9239,7725,Online,1514
1774,2024-10-27,6,West,3,3484,6209,Online,-2725
1775,2024-08-05,46,West,2,3090,4977,Online,-1887
1776,2022-03-14,50,North,6,2297,7314,Offline,-5017
1777,2023-02-03,38,East,3,5543,5779,Offline,-236
1778,2023-08-01,42,West,2,2757,4943,Offline,-2186
1779,2024-05-08,24,East,1,2697,5527,Online,-2830
1780,2022-05-10,18,West,8,8722,3395,Online,5327
1781,2024-07-19,27,West,1,9303,4860,Offline,4443
1782,2022-09-23,41,East,5,4897,5441,Offline,-544
1783,2024-03-03,8,East,6,3412,6945,Online,-3533
1784,2022-09-10,28,North,3,9374,7294,Online,2080
1785,2024-04-01,10,West,7,8948,2164,Online,6784
1786,2022-06-13,17,South,2,9631,1015,Online,8616
1787,2022-04-05,29,South,7,6652,1191,Online,5461
1788,2024-04-12,6,West,2,7672,4107,Online,3565
1789,2022-12-02,14,West,5,3394,800,Online,2594
1790,2024-04-01,22,West,7,3685,3082,Online,603
1791,2022-08-26,6,East,3,9468,2940,Online,6528
1792,2023-01-16,26,South,4,3232,4802,Online,-1570
1793,2024-06-17,39,South,1,9423,1653,Offline,7770
1794,2023-04-28,12,South,3,5824,1002,Online,4822
1795,2024-06-20,35,West,9,9661,2633,Online,7028
1796,2024-11-14,14,East,5,8349,2494,Online,5855
1797,2023-04-27,22,West,8,8794,7237,Offline,1557
1798,2024-07-05,23,North,2,1583,2309,Online,-726
1799,2024-09-20,48,North,3,5705,683,Offline,5022
1800,2024-08-21,7,South,7,5362,2358,Online,3004
1801,2023-06-21,40,West,4,3570,2623,Offline,947
1802,2024-11-01,50,North,9,9063,1185,Offline,7878
1803,2022-05-08,25,North,7,9370,1891,Online,7479
1804,2022-04-02,13,West,1,701,5359,Offline,-4658
1805,2023-06-27,21,East,4,588,4698,Offline,-4110
1806,2024-04-25,41,West,6,6799,2551,Online,4248
1807,2024-09-15,10,West,6,8879,4740,Online,4139
1808,2023-03-23,9,East,6,5671,2083,Online,3588
1809,2023-01-25,15,South,5,2054,5221,Online,-3167
1810,2023-11-03,2,South,3,6099,5685,Online,414
1811,2022-02-12,25,South,2,8921,4417,Online,4504
1812,2022-09-11,13,East,3,554,7282,Offline,-6728
1813,2024-12-19,34,North,9,4866,2883,Offline,1983
1814,2023-10-25,34,East,3,4531,2029,Online,2502
1815,2023-04-12,35,West,3,9815,5515,Online,4300
1816,2022-10-14,38,East,1,3640,7424,Online,-3784
1817,2024-10-07,3,North,2,8578,5864,Online,2714
1818,2024-02-17,42,North,3,2052,562,Offline,1490
1819,2022-12-11,6,West,2,8295,2931,Offline,5364
1820,2023-10-04,48,South,8,5771,7456,Online,-1685
1821,2023-01-17,49,North,6,615,4126,Offline,-3511
1822,2023-11-21,19,North,7,4113,2730,Offline,1383
1823,2024-12-15,3,North,1,6872,5969,Online,903
1824,2023-04-02,18,West,6,9051,7360,Online,1691
1825,2024-09-09,39,North,2,8719,691,Offline,8028
1826,2022-03-24,9,South,6,4337,3236,Online,1101
1827,2022-05-29,12,West,3,4033,3972,Online,61
1828,2022-07-09,5,South,7,6331,839,Online,5492
1829,2024-06-01,3,North,3,6463,1415,Offline,5048
1830,2022-09-20,11,North,9,1794,7009,Offline,-5215
1831,2023-02-04,30,South,3,6470,5578,Offline,892
1832,2024-02-03,4,West,7,8050,1183,Offline,6867
1833,2023-09-01,5,West,4,2575,4623,Online,-2048
1834,2024-02-24,1,South,8,7866,6916,Online,950
1835,2022-04-11,27,North,2,5707,2719,Offline,2988
1836,2024-03-30,28,East,8,6317,1699,Offline,4618
1837,2024-03-30,29,South,9,2278,1876,Online,402
1838,2023-02-24,18,South,8,873,2384,Offline,-1511
1839,2022-05-04,12,South,6,8057,6353,Offline,1704
1840,2023-02-26,13,North,1,9823,5086,Offline,4737
1841,2024-12-22,41,West,7,2073,7287,Offline,-5214
1842,2024-02-07,2,North,1,6526,5456,Offline,1070
1843,2023-04-28,37,South,7,4944,6544,Offline,-1600
1844,2023-06-03,45,North,2,1287,5609,Offline,-4322
1845,2022-06-04,16,North,8,2045,1835,Online,210
1846,2022-04-02,48,South,2,9061,5053,Online,4008
1847,2024-09-08,24,North,3,4874,389,Online,4485
1848,2023-03-31,35,East,3,5947,7473,Offline,-1526
1849,2023-08-21,22,North,1,4555,7348,Online,-2793
1850,2023-05-25,36,North,5,1106,5558,Online,-4452
1851,2023-01-21,11,West,5,3076,4490,Online,-1414
1852,2023-02-09,46,West,5,7069,1954,Online,5115
1853,2022-09-03,29,South,9,4624,2201,Offline,2423
1854,2024-01-12,35,South,6,5551,2979,Online,2572
1855,2023-10-23,48,West,6,822,7853,Online,-7031
1856,2023-10-12,15,East,3,1083,2470,Online,-1387
1857,2024-06-19,31,North,5,5889,7752,Online,-1863
1858,2022-03-06,42,East,7,9347,665,Offline,8682
1859,2024-11-02,41,East,3,5381,4260,Offline,1121
1860,2022-08-01,43,West,2,8914,7134,Online,1780
1861,2022-08-30,16,South,5,2622,5909,Online,-3287
1862,2023-05-08,10,North,3,8199,2672,Online,5527
1863,2022-12-04,49,South,5,8296,6850,Online,1446
1864,2022-06-22,32,East,9,2720,5391,Offline,-2671
1865,2023-11-03,2,East,1,5623,818,Offline,4805
1866,2022-06-13,24,South,4,4050,5291,Online,-1241
1867,2023-04-10,23,South,5,6279,6243,Offline,36
1868,2024-09-21,2,West,2,5428,4010,Offline,1418
1869,2023-05-12,38,South,2,666,6520,Online,-5854
1870,2023-12-01,31,South,1,6943,6677,Online,266
1871,2023-01-30,40,West,8,8809,1129,Offline,7680
1872,2023-12-04,26,South,2,7155,2933,Offline,4222
1873,2022-11-04,29,East,3,7842,6927,Offline,915
1874,2022-07-02,3,South,2,2706,7931,Online,-5225
1875,2023-09-21,14,North,4,1750,570,Online,1180
1876,2023-05-25,25,East,1,4506,3286,Online,1220
1877,2023-06-30,48,West,3,5058,3838,Online,1220
1878,2023-09-16,1,East,5,2651,4864,Offline,-2213
1879,2023-08-17,3,West,1,5577,7075,Online,-1498
1880,2024-01-14,26,North,4,2797,6990,Offline,-4193
1881,2023-07-08,18,North,6,9728,5114,Offline,4614
1882,2022-01-21,9,East,4,3114,1307,Offline,1807
1883,2023-07-08,38,South,7,2379,2617,Offline,-238
1884,2023-02-01,23,East,7,9288,904,Online,8384
1885,2023-09-17,21,East,6,1120,7408,Offline,-6288
1886,2022-04-15,1,North,9,7198,4773,Offline,2425
1887,2022-07-11,21,West,2,6007,476,Online,5531
1888,2022-01-17,27,East,8,8762,2621,Offline,6141
1889,2023-01-28,42,South,8,2303,2014,Online,289
1890,2023-03-01,6,North,4,7616,936,Online,6680
1891,2022-05-09,44,East,6,5033,6470,Online,-1437
1892,2023-07-26,36,East,6,9759,2923,Online,6836
1893,2022-01-29,28,South,5,2425,4455,Offline,-2030
1894,2024-10-30,45,East,1,1537,3078,Online,-1541
1895,2022-08-30,17,East,3,3683,7684,Offline,-4001
1896,2022-08-20,40,East,7,9176,4052,Offline,5124
1897,2024-02-28,3,East,8,4764,960,Online,3804
1898,2023-12-16,12,South,2,5398,4665,Offline,733
1899,2024-01-29,39,East,3,8937,3487,Offline,5450
1900,2024-03-12,12,East,4,6621,4640,Offline,1981
1901,2024-02-15,2,East,5,6289,5055,Online,1234
1902,2023-12-27,46,North,3,3871,384,Offline,3487
1903,2022-07-19,22,South,5,1850,3970,Online,-2120
1904,2024-08-02,23,North,8,9221,1206,Online,8015
1905,2022-03-20,30,North,8,6214,3821,Online,2393
1906,2024-08-13,5,South,2,4314,2175,Offline,2139
1907,2024-05-05,9,North,6,7647,6979,Offline,668
1908,2023-04-12,21,North,4,6985,4258,Offline,2727
1909,2023-08-04,11,North,9,4125,2436,Online,1689
1910,2024-07-28,5,South,2,9451,2896,Offline,6555
1911,2023-03-25,35,East,8,8617,1153,Online,7464
1912,2022-03-28,27,West,1,9489,7338,Online,2151
1913,2022-04-11,49,West,6,1031,806,Offline,225
1914,2024-10-28,2,South,1,4637,707,Offline,3930
1915,2024-04-24,24,West,2,1098,5690,Online,-4592
1916,2022-03-28,31,South,3,7928,823,Online,7105
1917,2022-02-12,33,South,9,8997,5913,Offline,3084
1918,2023-02-12,39,West,5,5404,7050,Offline,-1646
1919,2023-10-26,30,North,2,3409,3350,Offline,59
1920,2024-11-06,46,East,5,1178,6891,Online,-5713
1921,2022-05-28,37,West,5,3884,6986,Offline,-3102
1922,2022-10-04,28,West,1,9422,7392,Offline,2030
1923,2022-08-20,31,West,3,2525,2697,Online,-172
1924,2023-01-01,11,West,5,4728,3199,Online,1529
1925,2023-03-12,23,South,9,3266,627,Offline,2639
1926,2023-02-03,2,South,1,2598,2135,Offline,463
1927,2023-05-14,40,East,8,7261,1609,Offline,5652
1928,2023-06-24,41,East,1,891,7502,Online,-6611
1929,2023-07-17,27,West,9,4284,5018,Offline,-734
1930,2023-03-18,35,West,6,7166,2835,Online,4331
1931,2024-02-12,2,West,1,4337,6250,Offline,-1913
1932,2022-12-16,39,East,8,2185,2341,Online,-156
1933,2023-06-04,37,West,5,6997,6279,Offline,718
1934,2022-05-18,21,North,7,3414,2834,Offline,580
1935,2024-09-18,5,East,7,7616,2492,Offline,5124
1936,2023-01-03,45,North,7,4226,7991,Online,-3765
1937,2022-12-26,21,West,6,5451,1055,Online,4396
1938,2024-07-09,29,South,8,6558,445,Online,6113
1939,2022-11-25,20,North,9,8155,5416,Online,2739
1940,2024-08-19,38,East,2,5110,4122,Offline,988
1941,2023-04-08,20,North,7,8321,3874,Online,4447
1942,2024-08-03,50,East,2,1584,1927,Online,-343
1943,2024-08-20,25,West,6,8083,5223,Offline,2860
1944,2024-04-15,2,North,2,9699,2158,Online,7541
1945,2022-06-18,32,South,6,1817,5022,Offline,-3205
1946,2022-08-05,26,North,2,7380,3898,Online,3482
1947,2023-01-13,6,South,1,2849,5691,Online,-2842
1948,2022-04-29,41,East,7,7837,6977,Offline,860
1949,2022-07-09,3,West,3,3193,929,Offline,2264
1950,2024-02-06,33,West,4,7708,7324,Offline,384
1951,2023-01-05,1,South,6,7381,3466,Offline,3915
1952,2022-05-29,5,East,5,4222,3818,Online,404
1953,2023-10-14,13,West,4,4193,6858,Online,-2665
1954,2024-02-09,19,East,9,4892,4652,Offline,240
1955,2023-01-09,12,South,6,7724,4214,Offline,3510
1956,2024-02-20,48,South,6,8302,7729,Online,573
1957,2022-06-09,25,North,2,6217,6530,Offline,-313
1958,2022-12-17,35,West,6,3634,1204,Online,2430
1959,2024-06-10,12,West,7,3098,5855,Offline,-2757
1960,2023-06-07,30,North,8,4552,2917,Offline,1635
1961,2023-06-06,5,South,8,4324,3089,Offline,1235
1962,2024-02-22,34,South,9,4020,407,Offline,3613
1963,2022-09-30,22,South,3,1749,1342,Online,407
1964,2024-07-24,39,South,7,7086,1688,Offline,5398
1965,2022-07-02,13,East,7,8343,1976,Online,6367
1966,2023-05-03,47,West,1,2574,5798,Offline,-3224
1967,2024-04-25,3,West,8,3004,4555,Offline,-1551
1968,2022-05-04,20,South,4,2514,4495,Online,-1981
1969,2024-09-11,31,South,5,5444,564,Offline,4880
1970,2024-02-29,5,South,6,1448,4121,Online,-2673
1971,2023-02-18,24,West,3,606,3097,Offline,-2491
1972,2023-11-17,40,West,5,5192,3420,Online,1772
1973,2022-04-23,33,South,5,8846,976,Offline,7870
1974,2024-06-06,8,East,1,3740,5194,Offline,-1454
1975,2022-05-02,24,North,3,9487,3786,Offline,5701
1976,2022-02-08,50,North,3,5803,5478,Offline,325
1977,2023-05-12,20,North,1,2134,6626,Offline,-4492
1978,2024-02-19,16,West,7,2032,3006,Online,-974
1979,2024-07-31,50,West,1,8108,5866,Online,2242
1980,2022-05-29,12,North,7,1940,4269,Online,-2329
1981,2024-10-18,13,North,4,4146,5720,Offline,-1574
1982,2023-10-23,45,East,9,6099,907,Offline,5192
1983,2022-10-29,42,West,7,2115,5974,Offline,-3859
1984,2022-08-26,39,West,5,8494,3725,Online,4769
1985,2023-10-09,25,North,7,6796,6188,Online,608
1986,2023-10-25,46,East,9,3098,5632,Online,-2534
1987,2022-08-24,32,East,6,9536,7656,Offline,1880
1988,2022-07-22,24,North,1,4030,7086,Offline,-3056
1989,2022-09-13,48,North,6,8090,2694,Online,5396
1990,2023-08-21,47,West,1,2827,3159,Online,-332
1991,2023-10-24,44,North,4,7065,5196,Online,1869
1992,2022-08-23,9,South,8,8267,1460,Online,6807
1993,2023-06-18,40,East,5,2476,5449,Offline,-2973
1994,2024-05-09,50,North,5,2335,6589,Online,-4254
1995,2024-02-09,23,South,8,5399,2147,Offline,3252
1996,2023-06-25,50,East,8,854,4357,Offline,-3503
1997,2022-08-01,13,South,1,4973,1791,Offline,3182
1998,2023-04-08,32,South,5,3695,2321,Offline,1374
1999,2023-03-12,50,North,5,9679,4898,Offline,4781
2000,2022-10-10,15,East,8,8845,7242,Offline,1603
2001,2022-03-29,36,South,1,1406,3315,Online,-1909
2002,2024-12-03,49,West,7,7698,5610,Online,2088
2003,2023-04-06,5,East,7,2120,4866,Online,-2746
2004,2022-10-05,22,West,9,4918,3037,Online,1881
2005,2023-02-25,16,North,2,9023,5764,Offline,3259
2006,2023-11-27,41,West,3,4838,2348,Online,2490
2007,2023-05-30,10,East,4,929,4505,Offline,-3576
2008,2023-12-04,24,South,1,5801,6269,Online,-468
2009,2022-01-19,18,South,7,2923,4254,Online,-1331
2010,2022-01-23,49,East,3,8772,1193,Offline,7579
2011,2023-02-17,18,South,3,2073,6165,Offline,-4092
2012,2024-11-19,7,West,3,8535,1387,Online,7148
2013,2022-04-18,4,South,8,919,5151,Online,-4232
2014,2022-05-16,26,South,9,966,4448,Offline,-3482
2015,2022-12-28,5,West,2,5676,2609,Offline,3067
2016,2022-05-09,16,West,1,3893,3900,Offline,-7
2017,2023-05-30,35,West,9,7933,5721,Offline,2212
2018,2023-03-25,26,North,6,7894,6424,Offline,1470
2019,2024-05-23,18,West,9,2535,6387,Offline,-3852
2020,2023-04-18,29,West,6,9495,3233,Offline,6262
2021,2024-10-30,23,North,2,9769,2581,Offline,7188
2022,2022-10-29,14,South,1,2132,372,Offline,1760
2023,2022-08-19,15,West,8,2484,1680,Offline,804
2024,2024-07-11,49,East,3,7621,5346,Online,2275
2025,2024-12-25,33,West,1,503,6022,Offline,-5519
2026,2024-07-25,25,West,8,7977,783,Offline,7194
2027,2022-04-22,21,North,1,6498,1329,Online,5169
2028,2024-11-02,17,East,8,1102,4081,Offline,-2979
2029,2023-05-15,23,South,1,7756,5272,Online,2484
2030,2024-07-20,43,South,9,9192,4079,Offline,5113
2031,2023-08-21,17,East,9,7214,6401,Online,813
2032,2022-08-22,14,West,9,8876,2131,Offline,6745
2033,2023-08-25,29,North,3,3751,5254,Online,-1503
2034,2022-11-10,20,East,4,3647,2320,Online,1327
2035,2023-07-20,30,East,5,9987,6253,Offline,3734
2036,2024-11-01,19,South,6,8644,6580,Offline,2064
2037,2022-07-28,39,North,9,554,1078,Online,-524
2038,2024-11-03,13,East,4,3410,3775,Online,-365
2039,2024-11-09,18,North,6,2370,5023,Online,-2653
2040,2023-08-10,23,West,1,3848,6998,Offline,-3150
2041,2024-10-11,46,South,2,2101,7186,Online,-5085
2042,2024-12-29,33,West,8,6267,7013,Online,-746
2043,2023-11-29,39,North,4,6330,3577,Online,2753
2044,2022-05-12,40,West,7,8620,709,Online,7911
2045,2024-11-09,18,South,4,7543,1359,Offline,6184
2046,2023-06-20,9,North,9,2590,6673,Offline,-4083
2047,2024-10-10,33,East,9,5980,7694,Online,-1714
2048,2022-08-15,32,West,4,9943,2609,Offline,7334
2049,2024-04-01,17,South,8,6870,5550,Offline,1320
2050,2024-05-20,19,East,6,5682,1900,Online,3782
2051,2023-02-09,27,South,1,670,5287,Online,-4617
2052,2022-07-21,6,North,7,3309,4843,Offline,-1534
2053,2022-02-07,35,North,1,7493,2533,Offline,4960
2054,2024-07-30,37,West,3,8429,1952,Online,6477
2055,2022-07-07,34,South,8,7211,7653,Online,-442
2056,2024-12-16,20,South,9,4491,1597,Online,2894
2057,2024-07-29,25,South,3,7635,6082,Online,1553
2058,2024-11-09,4,North,1,1326,651,Online,675
2059,2022-09-30,10,West,1,629,5832,Offline,-5203
2060,2023-08-06,10,South,7,1917,3522,Online,-1605
2061,2023-05-31,24,South,5,7298,2731,Online,4567
2062,2023-06-10,21,East,1,7273,7503,Online,-230
2063,2022-12-02,11,South,6,1907,6769,Online,-4862
2064,2023-11-29,27,West,6,5636,764,Offline,4872
2065,2024-12-14,16,East,4,9285,2813,Offline,6472
2066,2023-05-15,26,East,7,1537,3466,Offline,-1929
2067,2024-06-18,30,East,7,8046,5553,Offline,2493
2068,2024-02-05,49,North,9,6403,2509,Offline,3894
2069,2023-06-20,16,East,1,522,855,Offline,-333
2070,2022-06-11,7,South,5,6787,599,Online,6188
2071,2023-08-17,16,North,3,1905,4166,Online,-2261
2072,2022-06-08,35,North,7,6967,655,Online,6312
2073,2022-03-01,16,North,4,1694,5659,Offline,-3965
2074,2024-07-03,40,North,4,9267,863,Offline,8404
2075,2022-07-30,12,North,1,8423,4309,Offline,4114
2076,2023-02-10,35,North,1,2106,5188,Online,-3082
2077,2023-10-26,49,North,2,9143,1322,Offline,7821
2078,2023-06-26,21,East,2,8816,7029,Online,1787
2079,2024-09-24,50,West,1,6750,7193,Offline,-443
2080,2024-07-15,43,South,8,2183,1490,Online,693
2081,2024-05-17,36,South,6,9598,6583,Offline,3015
2082,2022-01-19,48,East,6,9121,3510,Online,5611
2083,2023-03-08,17,East,9,3251,2204,Online,1047
2084,2024-01-10,32,North,5,8004,6678,Offline,1326
2085,2022-07-02,41,West,4,8163,2336,Offline,5827
2086,2022-04-23,6,North,6,9053,1326,Online,7727
2087,2023-04-26,24,East,8,9123,555,Offline,8568
2088,2024-04-10,27,North,1,3222,2718,Offline,504
2089,2024-02-02,20,South,7,6139,6721,Online,-582
2090,2023-04-21,25,South,8,3723,2863,Online,860
2091,2024-02-02,2,North,9,5941,3251,Online,2690
2092,2024-08-28,9,West,8,7881,6201,Offline,1680
2093,2024-10-16,28,North,7,5684,5631,Online,53
2094,2022-06-10,38,North,3,769,7683,Offline,-6914
2095,2023-02-05,3,West,2,8204,569,Offline,7635
2096,2022-07-17,20,West,3,6615,6919,Online,-304
2097,2023-10-22,6,West,4,9815,5947,Offline,3868
2098,2024-12-06,39,South,4,7798,1227,Offline,6571
2099,2023-02-03,33,North,6,5033,363,Online,4670
2100,2022-03-19,1,East,7,1542,4855,Online,-3313
2101,2022-05-04,37,West,4,2141,5435,Offline,-3294
2102,2022-03-16,6,West,6,7103,7007,Online,96
2103,2022-05-17,45,North,9,3797,1342,Online,2455
2104,2023-08-25,34,East,6,7555,5744,Offline,1811
2105,2024-04-16,47,North,3,1883,5303,Online,-3420
2106,2023-05-15,15,North,1,4496,4488,Online,8
2107,2022-05-18,45,West,5,514,5168,Offline,-4654
2108,2022-02-19,26,West,3,2174,1109,Offline,1065
2109,2024-08-30,14,South,8,5599,2341,Offline,3258
2110,2022-09-11,7,East,1,4117,3388,Online,729
2111,2023-12-11,46,East,2,8599,1946,Online,6653
2112,2023-07-17,31,West,3,7057,5235,Offline,1822
2113,2024-01-27,24,West,3,5974,787,Online,5187
2114,2023-07-01,31,West,8,1980,7561,Online,-5581
2115,2024-07-10,29,East,5,8198,3381,Online,4817
2116,2023-08-04,42,South,8,3546,2047,Online,1499
2117,2022-02-18,32,East,6,7863,1048,Offline,6815
2118,2024-07-05,17,West,2,6457,4137,Offline,2320
2119,2023-12-05,14,West,4,4710,827,Online,3883
2120,2022-09-18,40,South,9,5971,7956,Online,-1985
2121,2022-12-22,36,North,4,1475,1467,Online,8
2122,2023-09-30,48,North,5,2185,4949,Offline,-2764
2123,2024-01-13,24,East,5,2583,4910,Offline,-2327
2124,2024-10-06,45,North,8,2186,3841,Offline,-1655
2125,2024-07-19,27,North,6,4658,4772,Offline,-114
2126,2023-10-03,25,East,7,7309,4039,Offline,3270
2127,2024-03-02,32,West,6,9200,7961,Online,1239
2128,2023-09-04,18,North,5,687,6104,Online,-5417
2129,2024-03-19,46,West,5,3282,783,Offline,2499
2130,2023-11-17,18,East,3,4688,751,Offline,3937
2131,2022-07-07,37,West,7,4600,4369,Online,231
2132,2024-09-11,26,West,5,2572,5955,Offline,-3383
2133,2023-07-02,9,East,7,7151,7230,Online,-79
2134,2023-12-26,35,West,2,597,5494,Offline,-4897
2135,2024-07-14,8,North,9,9983,7507,Online,2476
2136,2024-05-25,20,North,8,7305,4697,Offline,2608
2137,2023-09-10,42,North,5,3964,5971,Online,-2007
2138,2023-02-18,22,North,2,2287,3433,Online,-1146
2139,2024-06-21,19,West,6,8263,2073,Offline,6190
2140,2022-06-12,30,North,8,5904,5922,Offline,-18
2141,2022-09-27,28,West,7,1183,1298,Offline,-115
2142,2023-09-24,35,South,8,1632,7712,Offline,-6080
2143,2024-06-24,43,West,4,6377,2365,Offline,4012
2144,2022-07-24,11,North,3,6698,697,Online,6001
2145,2023-08-05,31,South,7,4336,5402,Offline,-1066
2146,2024-04-20,49,East,2,1541,7037,Offline,-5496
2147,2023-08-19,48,West,5,6389,6632,Offline,-243
2148,2022-09-07,39,North,7,1354,2103,Offline,-749
2149,2024-05-24,36,North,1,6238,2451,Online,3787
2150,2022-07-15,30,North,4,2526,2246,Offline,280
2151,2023-11-21,23,East,2,5865,4017,Offline,1848
2152,2024-12-29,19,South,6,3050,3715,Offline,-665
2153,2023-10-01,12,South,1,7589,1694,Offline,5895
2154,2023-11-03,15,North,7,739,4428,Online,-3689
2155,2024-08-01,31,West,3,989,7192,Online,-6203
2156,2022-07-18,43,North,1,1536,2721,Online,-1185
2157,2023-05-07,37,North,8,6632,4219,Online,2413
2158,2024-06-14,37,West,7,5280,7645,Online,-2365
2159,2022-05-22,15,North,2,8409,3383,Offline,5026
2160,2022-06-14,29,East,7,3769,3088,Online,681
2161,2022-11-10,50,North,3,6622,2144,Online,4478
2162,2022-01-21,43,East,9,6210,2104,Offline,4106
2163,2024-09-10,26,North,8,2267,1189,Online,1078
2164,2022-11-01,44,South,5,5208,2803,Online,2405
2165,2023-01-06,2,West,7,8853,2193,Online,6660
2166,2024-05-02,20,South,3,9347,1966,Online,7381
2167,2023-01-19,15,North,1,3506,4644,Offline,-1138
2168,2023-03-21,4,North,1,1756,6891,Online,-5135
2169,2023-03-01,22,East,2,7577,3365,Online,4212
2170,2022-06-10,50,North,8,5851,5375,Online,476
2171,2023-09-21,38,North,1,1249,3941,Online,-2692
2172,2024-06-13,23,North,5,1208,3375,Online,-2167
2173,2023-05-05,26,South,9,6916,1559,Offline,5357
2174,2024-10-13,11,East,9,7450,2520,Online,4930
2175,2022-11-23,28,South,2,9157,5741,Online,3416
2176,2023-08-21,2,East,7,9792,2718,Offline,7074
2177,2024-10-11,8,South,1,2213,5967,Offline,-3754
2178,2022-10-16,29,North,3,8436,3138,Online,5298
2179,2023-08-16,11,South,6,8808,3096,Offline,5712
2180,2023-07-27,37,South,9,695,1086,Online,-391
2181,2022-01-28,18,East,2,5214,3667,Online,1547
2182,2024-08-11,50,East,7,1774,5235,Online,-3461
2183,2022-02-12,14,South,4,4209,2747,Online,1462
2184,2023-02-27,10,East,2,838,3429,Offline,-2591
2185,2022-06-26,35,East,3,7261,2198,Offline,5063
2186,2023-06-13,9,East,6,4011,7997,Offline,-3986
2187,2024-08-23,35,West,9,4775,6991,Offline,-2216
2188,2022-07-17,11,East,8,2156,4803,Online,-2647
2189,2023-09-02,44,West,9,7262,7084,Online,178
2190,2024-04-21,12,West,4,9334,3884,Online,5450
2191,2024-05-02,3,East,4,5773,4459,Offline,1314
2192,2022-01-22,39,South,9,9310,7017,Online,2293
2193,2024-12-16,14,East,8,1669,4249,Online,-2580
2194,2024-12-25,28,North,2,8943,2767,Online,6176
2195,2024-04-21,11,South,8,8673,2493,Offline,6180
2196,2022-04-08,39,West,1,801,7739,Offline,-6938
2197,2023-03-11,25,West,9,2066,316,Offline,1750
2198,2023-09-29,21,South,9,8316,6541,Offline,1775
2199,2023-08-11,10,South,8,2710,6895,Online,-4185
2200,2022-12-10,43,East,5,7730,3322,Online,4408
2201,2023-07-25,15,West,5,9303,5293,Online,4010
2202,2023-09-03,19,North,3,7088,5411,Online,1677
2203,2022-08-31,48,East,5,2443,1566,Offline,877
2204,2023-07-15,22,South,4,8765,778,Online,7987
2205,2024-08-17,21,West,1,5137,4596,Online,541
2206,2022-02-01,44,South,9,8848,4277,Offline,4571
2207,2023-01-26,32,South,4,5885,6368,Online,-483
2208,2022-10-04,50,South,3,755,3844,Online,-3089
2209,2023-06-16,23,East,6,3610,4574,Offline,-964
2210,2023-01-18,13,North,1,9743,6951,Offline,2792
2211,2024-12-27,5,North,5,5532,4848,Online,684
2212,2024-06-02,4,West,7,6761,6713,Online,48
2213,2022-08-02,28,South,2,2917,7701,Online,-4784
2214,2023-01-11,14,North,9,2756,785,Online,1971
2215,2024-01-14,8,South,6,3134,4388,Online,-1254
2216,2022-08-01,9,West,2,2391,6419,Offline,-4028
2217,2022-03-20,35,South,8,3964,4973,Online,-1009
2218,2023-09-20,37,North,8,7926,637,Online,7289
2219,2023-08-27,21,South,1,2470,1160,Online,1310
2220,2024-02-21,18,North,1,4453,7200,Online,-2747
2221,2024-09-27,33,West,1,6318,7200,Online,-882
2222,2023-11-11,8,South,4,7271,2303,Online,4968
2223,2022-02-27,49,North,4,7248,1771,Online,5477
2224,2024-11-15,17,West,8,5503,7027,Online,-1524
2225,2024-05-30,43,South,1,1148,2342,Online,-1194
2226,2023-03-23,31,West,3,9220,3728,Offline,5492
2227,2022-03-07,34,North,1,2601,3420,Offline,-819
2228,2024-12-03,6,South,9,918,1819,Online,-901
2229,2024-10-08,22,South,9,2852,6789,Online,-3937
2230,2022-08-15,14,South,7,6275,1001,Online,5274
2231,2024-02-13,3,West,8,8776,4688,Online,4088
2232,2023-11-10,12,West,1,8191,4335,Online,3856
2233,2023-08-24,36,North,5,2251,4044,Online,-1793
2234,2023-01-14,12,East,2,3157,1473,Offline,1684
2235,2023-12-10,45,South,1,6623,1905,Online,4718
2236,2022-11-03,2,South,3,6024,5964,Offline,60
2237,2024-02-18,2,North,7,2851,7239,Offline,-4388
2238,2023-05-19,15,South,1,8571,2179,Offline,6392
2239,2022-09-25,23,West,2,1789,5417,Offline,-3628
2240,2022-01-08,29,West,2,3202,5679,Offline,-2477
2241,2023-05-23,17,South,4,9335,3693,Offline,5642
2242,2023-04-21,32,South,3,3405,2424,Offline,981
2243,2022-06-13,7,West,3,5169,5529,Offline,-360
2244,2023-04-30,30,South,5,3422,7260,Offline,-3838
2245,2024-12-31,28,West,3,7154,5291,Online,1863
2246,2023-07-21,14,East,7,2521,7094,Online,-4573
2247,2024-06-23,44,East,5,4124,4942,Offline,-818
2248,2023-07-13,30,South,4,6844,1746,Offline,5098
2249,2022-08-26,17,South,3,8278,6837,Offline,1441
2250,2023-07-08,32,South,4,636,3606,Online,-2970
2251,2024-04-07,46,West,2,4725,3701,Online,1024
2252,2023-04-13,6,East,1,9910,4083,Offline,5827
2253,2023-01-21,24,East,3,9709,2672,Offline,7037
2254,2024-02-14,6,North,2,3640,450,Offline,3190
2255,2024-04-27,27,North,1,3087,1959,Offline,1128
2256,2023-01-22,18,South,1,7169,6439,Offline,730
2257,2024-05-26,24,West,2,3105,1178,Offline,1927
2258,2022-09-16,37,South,9,5504,7499,Online,-1995
2259,2022-10-10,24,East,5,8900,2619,Online,6281
2260,2022-02-09,38,South,9,8004,3183,Online,4821
2261,2023-05-01,34,South,8,4310,6241,Offline,-1931
2262,2024-07-17,40,East,6,6580,4295,Offline,2285
2263,2022-08-08,47,East,1,7908,2715,Online,5193
2264,2024-10-11,15,East,5,4653,1815,Online,2838
2265,2024-10-20,11,East,1,3876,3687,Offline,189
2266,2023-09-05,22,North,7,1868,889,Online,979
2267,2024-07-16,24,West,8,8309,887,Online,7422
2268,2023-11-19,1,West,8,4300,2919,Online,1381
2269,2023-09-05,18,East,7,1537,5787,Online,-4250
2270,2022-09-17,44,West,2,1492,6523,Offline,-5031
2271,2024-09-16,12,West,5,7812,6305,Offline,1507
2272,2024-08-23,43,West,4,5010,1495,Offline,3515
2273,2023-01-01,28,West,5,893,4653,Offline,-3760
2274,2023-06-28,40,East,9,8505,2626,Online,5879
2275,2023-10-11,7,South,4,4186,6947,Online,-2761
2276,2024-03-24,23,South,8,857,6152,Online,-5295
2277,2024-11-05,21,South,8,4504,2905,Offline,1599
2278,2023-07-29,34,North,2,1681,2838,Offline,-1157
2279,2024-10-09,11,West,6,7317,6004,Offline,1313
2280,2023-11-01,22,East,5,2565,865,Offline,1700
2281,2022-09-26,42,East,2,7371,2056,Online,5315
2282,2024-07-12,35,North,4,3629,4375,Offline,-746
2283,2022-09-04,29,East,7,654,1660,Online,-1006
2284,2022-05-11,42,South,1,9178,2868,Online,6310
2285,2022-12-19,28,North,9,6794,2673,Online,4121
2286,2022-07-15,18,East,1,2915,1495,Offline,1420
2287,2024-07-18,14,North,5,1570,2431,Offline,-861
2288,2024-10-18,18,North,7,2754,3188,Online,-434
2289,2023-10-07,28,East,8,8542,5943,Online,2599
2290,2022-08-15,24,South,2,8307,5900,Offline,2407
2291,2023-12-02,8,East,4,7340,1867,Offline,5473
2292,2022-09-22,42,West,2,7213,7885,Offline,-672
2293,2023-10-08,45,West,4,2690,3710,Offline,-1020
2294,2022-07-30,8,East,6,7764,2667,Online,5097
2295,2024-07-31,4,South,6,9762,6747,Online,3015
2296,2023-04-02,27,West,2,8882,3643,Online,5239
2297,2023-12-26,36,West,4,8831,7133,Online,1698
2298,2024-09-08,5,East,4,7898,7581,Online,317
2299,2023-08-11,33,East,1,3472,6850,Online,-3378
2300,2023-04-21,49,East,2,2014,3397,Offline,-1383
2301,2024-09-12,34,North,3,4470,1560,Online,2910
2302,2022-06-05,30,North,5,5219,1633,Offline,3586
2303,2022-07-09,8,North,8,1845,7127,Offline,-5282
2304,2024-09-07,39,East,6,2417,4628,Online,-2211
2305,2023-06-30,47,South,3,8141,7465,Offline,676
2306,2022-02-10,26,West,6,9144,4944,Online,4200
2307,2022-11-03,37,North,7,2111,3636,Online,-1525
2308,2024-07-31,34,South,6,2578,3384,Offline,-806
2309,2022-12-04,7,East,6,2564,6939,Offline,-4375
2310,2024-08-10,40,North,1,7879,3687,Offline,4192
2311,2022-10-06,28,East,3,6279,5013,Offline,1266
2312,2024-06-14,39,South,7,9950,7291,Offline,2659
2313,2022-09-30,39,North,4,7650,5401,Offline,2249
2314,2024-04-16,28,North,4,853,2731,Offline,-1878
2315,2023-09-12,14,North,7,6218,1316,Offline,4902
2316,2024-05-11,50,North,9,4136,941,Offline,3195
2317,2024-07-19,38,South,2,6544,4362,Online,2182
2318,2022-10-16,4,North,9,1211,615,Online,596
2319,2023-12-25,42,West,3,9548,2603,Offline,6945
2320,2024-06-11,18,West,6,4772,740,Offline,4032
2321,2022-09-29,44,East,4,1929,1438,Offline,491
2322,2024-12-25,48,North,1,6944,6742,Online,202
2323,2023-04-28,25,West,9,3920,1214,Online,2706
2324,2024-07-24,7,West,6,2568,5543,Offline,-2975
2325,2022-09-05,38,West,8,7659,2603,Offline,5056
2326,2022-06-05,28,South,2,5306,7094,Offline,-1788
2327,2024-12-06,5,North,7,7344,6137,Offline,1207
2328,2023-03-30,3,South,6,8843,4442,Online,4401
2329,2022-07-20,44,South,2,3731,6148,Online,-2417
2330,2022-05-04,31,West,2,3406,6250,Offline,-2844
2331,2022-01-01,47,West,4,4051,7346,Offline,-3295
2332,2024-08-25,42,East,4,4691,6906,Online,-2215
2333,2024-05-04,20,North,3,3923,3721,Online,202
2334,2023-10-02,19,North,8,4557,5542,Offline,-985
2335,2022-07-10,48,West,7,5694,2378,Offline,3316
2336,2023-05-31,11,West,2,4165,6403,Online,-2238
2337,2023-03-18,40,North,3,5235,4450,Online,785
2338,2022-05-23,3,East,9,9848,2500,Online,7348
2339,2023-06-17,23,West,5,6889,4851,Offline,2038
2340,2022-08-15,7,East,2,8382,6729,Online,1653
2341,2024-08-06,23,South,3,5789,335,Offline,5454
2342,2023-04-05,7,West,8,8298,1117,Online,7181
2343,2023-07-05,46,South,4,3908,6329,Online,-2421
2344,2023-01-28,34,West,2,1661,6216,Online,-4555
2345,2024-04-24,42,South,2,1759,2246,Offline,-487
2346,2022-07-29,19,West,6,4590,4256,Offline,334
2347,2023-10-08,9,East,8,6190,4651,Online,1539
2348,2022-08-07,48,East,7,3481,2525,Offline,956
2349,2023-02-11,18,East,4,8565,3625,Online,4940
2350,2024-06-06,41,South,2,4054,807,Offline,3247
2351,2023-07-12,48,East,9,9916,4045,Online,5871
2352,2023-07-04,45,South,4,2889,4416,Online,-1527
2353,2022-05-22,42,West,9,8658,4177,Offline,4481
2354,2023-09-04,25,South,5,1514,6518,Online,-5004
2355,2023-05-16,14,West,7,6229,5114,Offline,1115
2356,2024-04-19,44,North,5,4213,759,Online,3454
2357,2023-12-03,25,North,2,1992,6403,Offline,-4411
2358,2023-08-19,19,North,6,8085,5597,Online,2488
2359,2022-10-08,39,South,7,4622,1705,Online,2917
2360,2023-02-28,15,North,6,954,4395,Offline,-3441
2361,2024-05-05,16,North,3,1417,5456,Online,-4039
2362,2022-09-27,27,North,8,7223,6390,Offline,833
2363,2022-06-03,40,West,3,8705,7587,Online,1118
2364,2023-09-06,10,East,5,6741,2336,Online,4405
2365,2023-10-24,4,South,9,4874,6334,Online,-1460
2366,2022-03-24,19,North,5,6559,2977,Online,3582
2367,2024-08-04,28,West,7,989,6444,Offline,-5455
2368,2024-06-17,21,East,7,1484,2044,Offline,-560
2369,2022-10-11,47,East,5,1460,3283,Offline,-1823
2370,2024-09-06,14,East,2,8550,2658,Online,5892
2371,2022-06-22,33,West,5,2282,1531,Offline,751
2372,2024-12-22,48,North,7,6483,1477,Offline,5006
2373,2024-02-02,10,East,7,2369,1061,Online,1308
2374,2023-09-25,19,West,4,3144,5078,Offline,-1934
2375,2024-02-26,30,West,1,7338,6758,Online,580
2376,2024-07-31,22,South,6,4845,2654,Online,2191
2377,2024-10-08,3,West,3,6202,5923,Offline,279
2378,2023-02-02,37,East,5,8575,5014,Offline,3561
2379,2024-07-22,41,East,4,8130,4026,Offline,4104
2380,2023-11-07,18,West,2,6402,1843,Offline,4559
2381,2024-07-24,11,East,7,6532,3977,Online,2555
2382,2023-04-10,48,West,5,2325,2233,Offline,92
2383,2022-10-13,2,East,7,3610,3468,Online,142
2384,2022-09-22,12,South,9,4270,3861,Offline,409
2385,2022-11-16,6,North,4,529,4402,Online,-3873
2386,2023-11-04,43,South,5,9458,4157,Offline,5301
2387,2024-03-30,40,South,9,9306,7479,Offline,1827
2388,2022-03-30,44,North,4,9696,6957,Online,2739
2389,2024-03-31,29,East,5,2621,4317,Offline,-1696
2390,2024-09-27,30,North,5,3509,4744,Offline,-1235
2391,2022-11-30,2,West,8,4319,3264,Offline,1055
2392,2022-08-10,9,North,4,8239,1330,Offline,6909
2393,2022-02-10,47,South,4,8715,2847,Online,5868
2394,2022-03-09,2,North,7,4559,2822,Online,1737
2395,2024-09-14,29,East,5,3410,4919,Offline,-1509
2396,2023-05-29,33,South,6,2470,2175,Online,295
2397,2023-11-26,10,West,6,7155,7524,Offline,-369
2398,2024-11-05,34,East,6,5267,889,Online,4378
2399,2023-04-22,44,South,5,9262,2580,Online,6682
2400,2024-12-21,8,West,5,1742,7234,Online,-5492
2401,2024-05-30,37,East,9,1212,3401,Offline,-2189
2402,2023-03-08,33,West,8,9985,2714,Online,7271
2403,2022-09-25,47,North,4,3366,4197,Online,-831
2404,2024-11-24,6,North,7,6653,3978,Offline,2675
2405,2024-02-18,44,West,8,6087,2143,Online,3944
2406,2023-05-09,40,North,9,9327,4451,Offline,4876
2407,2023-10-23,45,West,5,9901,6453,Online,3448
2408,2024-10-09,19,East,3,8213,2238,Offline,5975
2409,2024-11-24,32,South,4,7361,2494,Online,4867
2410,2024-09-03,27,West,6,1797,4759,Offline,-2962
2411,2023-04-27,1,South,5,857,552,Online,305
2412,2023-12-29,43,South,9,5602,7383,Online,-1781
2413,2023-04-25,33,West,3,740,5672,Offline,-4932
2414,2024-12-24,40,North,2,7354,1766,Online,5588
2415,2024-10-28,32,East,6,2326,1035,Online,1291
2416,2022-12-09,5,South,7,8615,639,Offline,7976
2417,2022-11-28,17,East,5,4058,3887,Offline,171
2418,2023-03-14,8,South,1,4360,1676,Online,2684
2419,2022-06-23,42,West,3,4947,5019,Offline,-72
2420,2023-07-13,34,North,3,4639,1004,Online,3635
2421,2023-06-11,9,East,4,637,4024,Offline,-3387
2422,2023-10-21,23,South,6,4234,4718,Offline,-484
2423,2022-01-26,35,West,5,2467,5559,Offline,-3092
2424,2024-03-30,50,West,1,7079,3208,Offline,3871
2425,2023-08-28,7,South,6,5349,2274,Online,3075
2426,2023-02-10,15,South,9,8834,1768,Offline,7066
2427,2022-08-20,20,South,1,7667,2442,Online,5225
2428,2023-06-17,50,North,8,6442,852,Online,5590
2429,2023-05-20,25,South,8,7966,3791,Online,4175
2430,2022-06-28,3,South,3,6905,5933,Online,972
2431,2022-05-12,46,North,9,6015,1089,Online,4926
2432,2022-12-14,24,West,8,8551,1473,Offline,7078
2433,2023-06-24,34,South,3,2519,852,Offline,1667
2434,2024-02-11,46,East,5,6674,3722,Online,2952
2435,2022-03-17,22,West,3,7592,4511,Online,3081
2436,2023-08-02,11,East,5,3349,931,Offline,2418
2437,2024-05-03,48,South,9,1692,7704,Online,-6012
2438,2022-07-13,8,North,4,2855,569,Offline,2286
2439,2022-12-13,39,North,6,3006,1160,Online,1846
2440,2024-08-08,43,North,3,833,590,Offline,243
2441,2022-08-02,35,South,3,3062,1757,Offline,1305
2442,2023-07-27,49,South,5,2295,6452,Online,-4157
2443,2024-02-19,46,East,8,753,6170,Offline,-5417
2444,2022-09-19,38,North,8,4157,929,Online,3228
2445,2023-12-31,8,South,3,8002,7307,Offline,695
2446,2022-10-10,37,West,8,3737,6243,Offline,-2506
2447,2022-12-28,27,South,8,3831,774,Online,3057
2448,2023-03-17,28,South,3,1527,7989,Offline,-6462
2449,2022-04-03,40,West,2,2666,4932,Offline,-2266
2450,2024-01-23,34,North,2,969,4380,Online,-3411
2451,2024-05-16,32,West,9,8160,5080,Offline,3080
2452,2022-05-22,15,North,7,8405,2060,Online,6345
2453,2024-01-19,44,West,6,6483,3382,Online,3101
2454,2023-10-15,17,East,7,1593,5008,Offline,-3415
2455,2023-12-02,33,North,8,5289,7220,Online,-1931
2456,2024-09-24,47,South,1,3412,4274,Offline,-862
2457,2022-02-18,46,East,8,5989,3698,Offline,2291
2458,2024-05-30,16,North,3,680,6349,Online,-5669
2459,2023-07-09,29,North,3,9912,7038,Offline,2874
2460,2023-02-08,9,North,6,4642,2623,Offline,2019
2461,2024-06-10,33,West,4,4123,6813,Offline,-2690
2462,2024-05-14,49,North,4,5229,3861,Online,1368
2463,2023-08-25,29,South,4,5759,2692,Online,3067
2464,2022-12-07,13,North,9,8529,4144,Offline,4385
2465,2023-12-05,21,South,8,5184,2715,Online,2469
2466,2022-11-14,21,South,3,8354,4104,Offline,4250
2467,2023-09-10,5,South,1,4132,5730,Offline,-1598
2468,2023-01-17,10,East,1,6473,5126,Online,1347
2469,2022-08-21,6,South,1,6917,1924,Online,4993
2470,2024-03-27,13,West,4,2062,1808,Online,254
2471,2023-07-07,1,North,6,1913,4410,Offline,-2497
2472,2024-05-05,20,West,4,7004,5153,Online,1851
2473,2024-03-29,47,East,3,1517,7131,Offline,-5614
2474,2022-07-02,46,North,8,4154,303,Offline,3851
2475,2024-11-30,8,South,8,7342,6265,Offline,1077
2476,2023-02-01,10,North,6,9449,3747,Online,5702
2477,2024-02-18,9,East,9,6598,5788,Online,810
2478,2024-06-25,49,East,1,9312,5884,Online,3428
2479,2022-05-07,41,West,8,4084,2880,Offline,1204
2480,2022-01-01,3,North,6,681,4091,Offline,-3410
2481,2022-01-19,11,North,1,7329,5381,Online,1948
2482,2023-08-07,12,North,4,3167,1460,Online,1707
2483,2023-04-01,10,West,5,6673,1133,Online,5540
2484,2024-08-14,25,East,7,5921,6806,Online,-885
2485,2023-03-21,49,South,8,9676,2298,Online,7378
2486,2023-08-25,49,North,9,2864,6350,Online,-3486
2487,2022-04-13,25,West,6,6016,5635,Online,381
2488,2024-09-14,11,West,9,3805,5787,Online,-1982
2489,2023-06-04,36,South,4,2715,6560,Online,-3845
2490,2024-05-08,39,East,8,625,1502,Offline,-877
2491,2022-06-23,26,North,3,3120,7713,Online,-4593
2492,2024-10-01,14,North,4,4715,2475,Online,2240
2493,2023-03-07,39,West,4,1951,1681,Offline,270
2494,2023-12-28,40,East,6,9700,4473,Offline,5227
2495,2024-04-29,1,North,9,9905,3088,Offline,6817
2496,2024-09-16,4,South,6,6047,7760,Offline,-1713
2497,2023-10-01,30,East,1,7203,3121,Offline,4082
2498,2023-02-24,12,East,5,7869,4477,Offline,3392
2499,2023-08-17,35,West,9,3630,641,Offline,2989
2500,2023-04-30,13,West,5,1196,1661,Online,-465
2501,2023-02-16,31,North,6,2770,7262,Online,-4492
2502,2024-07-24,38,West,3,9726,7021,Online,2705
2503,2022-11-28,43,East,8,9505,4491,Offline,5014
2504,2023-10-17,23,North,4,9001,7612,Online,1389
2505,2022-02-10,4,North,4,9703,7020,Offline,2683
2506,2024-08-16,16,East,5,9710,4916,Online,4794
2507,2022-04-15,7,North,9,3911,7864,Offline,-3953
2508,2022-07-21,22,South,8,4218,1295,Online,2923
2509,2023-03-26,29,South,7,7217,656,Online,6561
2510,2024-06-28,11,North,5,5420,485,Online,4935
2511,2022-07-29,33,West,9,2544,1993,Online,551
2512,2023-07-17,29,South,9,1616,2890,Online,-1274
2513,2023-12-14,39,North,2,1656,6594,Online,-4938
2514,2024-02-10,12,South,4,1488,1642,Online,-154
2515,2023-03-30,7,West,8,6087,1991,Offline,4096
2516,2023-10-29,39,East,1,2328,1382,Offline,946
2517,2023-09-21,42,North,5,8372,2357,Online,6015
2518,2023-01-22,48,North,8,6588,3204,Online,3384
2519,2022-10-23,26,North,2,2845,3495,Online,-650
2520,2022-09-15,40,North,2,9776,4751,Online,5025
2521,2022-09-25,9,North,8,3505,3717,Offline,-212
2522,2023-02-23,41,North,9,4935,7237,Offline,-2302
2523,2022-08-23,34,West,7,7128,6680,Online,448
2524,2024-09-12,45,East,8,576,2680,Online,-2104
2525,2023-07-28,13,West,5,6252,316,Online,5936
2526,2022-02-18,36,West,1,3062,7891,Online,-4829
2527,2022-08-11,25,East,4,2072,623,Offline,1449
2528,2024-07-09,24,West,2,7587,2370,Offline,5217
2529,2022-10-04,44,South,3,6470,1230,Offline,5240
2530,2023-02-24,17,West,3,8452,4854,Offline,3598
2531,2023-09-03,2,North,9,7109,5879,Online,1230
2532,2023-01-10,13,South,4,8556,6964,Offline,1592
2533,2022-03-14,31,South,2,3611,7162,Online,-3551
2534,2024-11-19,29,East,3,3237,4952,Offline,-1715
2535,2022-07-14,50,West,3,5904,1744,Offline,4160
2536,2024-04-26,28,West,7,9638,4336,Online,5302
2537,2024-11-30,27,South,8,5149,702,Offline,4447
2538,2024-12-22,15,West,6,4368,3702,Online,666
2539,2022-01-23,31,West,4,3637,4852,Online,-1215
2540,2022-12-26,40,East,6,8324,1806,Online,6518
2541,2023-07-14,15,South,1,6636,1821,Online,4815
2542,2023-11-03,33,North,8,8299,3398,Online,4901
2543,2023-11-10,20,South,1,3986,2744,Offline,1242
2544,2023-03-16,42,East,5,1502,7655,Offline,-6153
2545,2024-07-21,12,East,2,9511,2487,Online,7024
2546,2022-01-07,37,East,6,9114,2868,Online,6246
2547,2023-02-25,9,West,9,9263,3093,Online,6170
2548,2024-04-12,23,South,5,8406,391,Online,8015
2549,2023-07-13,8,West,4,5859,6520,Offline,-661
2550,2024-07-02,32,West,2,5030,5247,Online,-217
2551,2024-10-03,48,South,3,2133,5663,Offline,-3530
2552,2022-05-06,14,East,6,7169,5240,Offline,1929
2553,2023-01-30,27,North,8,2253,5062,Online,-2809
2554,2024-03-27,25,North,8,9159,2053,Offline,7106
2555,2024-05-30,13,South,5,6853,5354,Online,1499
2556,2023-07-30,21,South,5,8764,5384,Online,3380
2557,2022-11-21,45,East,3,646,5192,Offline,-4546
2558,2024-07-18,31,South,7,8007,6081,Online,1926
2559,2024-04-12,37,South,6,816,6260,Online,-5444
2560,2024-11-20,48,East,1,9297,387,Offline,8910
2561,2024-04-16,43,East,4,9266,1941,Offline,7325
2562,2024-07-14,5,West,6,1677,3262,Offline,-1585
2563,2023-03-19,13,South,6,3922,5713,Online,-1791
2564,2022-03-16,28,North,3,3094,2442,Offline,652
2565,2023-07-11,43,South,6,9003,7720,Offline,1283
2566,2022-12-29,25,North,6,1264,850,Offline,414
2567,2023-03-24,35,North,9,8336,2746,Offline,5590
2568,2022-09-19,47,North,9,6777,7210,Online,-433
2569,2022-05-05,39,West,2,935,5473,Offline,-4538
2570,2024-06-29,7,East,4,3851,2251,Offline,1600
2571,2022-09-02,38,East,9,3430,2590,Online,840
2572,2023-06-26,32,West,4,634,5529,Offline,-4895
2573,2023-04-30,3,East,8,5118,4137,Offline,981
2574,2022-05-02,45,West,3,9495,923,Online,8572
2575,2022-05-05,39,South,3,2866,4057,Online,-1191
2576,2022-06-19,37,West,9,3915,5096,Online,-1181
2577,2022-05-04,50,East,8,1506,3592,Online,-2086
2578,2024-11-24,22,East,1,8408,4132,Online,4276
2579,2023-10-08,8,South,2,9684,2911,Offline,6773
2580,2024-02-25,17,West,3,5191,461,Offline,4730
2581,2022-07-20,27,South,2,8169,2292,Offline,5877
2582,2023-01-04,33,North,3,8329,2382,Offline,5947
2583,2024-03-07,46,West,8,2396,3313,Online,-917
2584,2022-03-18,17,South,6,3565,336,Online,3229
2585,2022-02-28,42,South,7,3248,1145,Online,2103
2586,2023-03-07,12,East,6,7192,3176,Offline,4016
2587,2023-09-30,48,West,1,3161,7066,Online,-3905
2588,2022-04-19,46,North,3,3478,7837,Online,-4359
2589,2024-10-04,27,North,1,7449,5596,Offline,1853
2590,2022-03-09,48,West,9,6875,6964,Online,-89
2591,2024-12-28,8,West,9,6959,3646,Online,3313
2592,2022-11-01,23,South,5,6607,4354,Offline,2253
2593,2023-11-05,42,East,4,7001,4500,Offline,2501
2594,2022-12-31,49,East,9,3161,6599,Online,-3438
2595,2024-03-31,29,East,9,6665,635,Offline,6030
2596,2022-12-09,50,West,3,8710,3397,Online,5313
2597,2024-08-04,20,East,5,3858,6353,Offline,-2495
2598,2024-06-17,16,South,3,775,2643,Offline,-1868
2599,2024-02-01,17,West,2,4578,1860,Offline,2718
2600,2022-12-07,16,West,1,5254,7822,Offline,-2568
2601,2024-07-30,19,East,2,5198,5281,Online,-83
2602,2023-01-18,8,North,8,864,4464,Online,-3600
2603,2024-09-30,38,North,8,1294,5746,Online,-4452
2604,2022-10-27,38,South,3,7295,4546,Offline,2749
2605,2022-05-19,29,East,7,6370,7300,Online,-930
2606,2022-12-25,41,East,7,1089,7020,Offline,-5931
2607,2024-04-15,36,West,2,4794,961,Online,3833
2608,2023-04-28,26,West,9,4813,5739,Offline,-926
2609,2024-06-27,31,East,3,9432,5152,Offline,4280
2610,2024-05-15,44,West,2,5245,6895,Offline,-1650
2611,2022-05-19,12,East,3,7877,7013,Online,864
2612,2024-09-22,17,South,2,9361,4039,Online,5322
2613,2023-03-11,15,West,8,1937,3483,Online,-1546
2614,2023-05-24,9,East,5,9547,7078,Online,2469
2615,2022-09-30,39,West,3,4533,1785,Offline,2748
2616,2022-04-14,42,South,5,2393,6383,Offline,-3990
2617,2024-02-01,48,West,8,8019,2709,Offline,5310
2618,2024-02-26,12,East,7,9878,4598,Offline,5280
2619,2022-06-14,32,West,6,2342,2834,Online,-492
2620,2024-09-25,25,West,1,6744,5899,Online,845
2621,2023-06-04,39,East,1,826,303,Offline,523
2622,2023-06-01,18,North,1,2900,5548,Online,-2648
2623,2023-10-19,15,West,8,8606,3397,Offline,5209
2624,2023-09-05,32,West,8,4778,3148,Offline,1630
2625,2022-06-13,6,South,7,5050,5372,Offline,-322
2626,2022-03-05,44,North,6,8000,326,Online,7674
2627,2022-09-24,43,South,4,4515,5461,Offline,-946
2628,2022-09-03,35,East,1,5952,1264,Online,4688
2629,2023-01-30,34,East,9,4806,6507,Offline,-1701
2630,2023-04-21,38,South,1,8742,3396,Online,5346
2631,2024-09-03,5,West,4,8326,371,Online,7955
2632,2024-11-09,18,North,3,9701,5901,Offline,3800
2633,2023-07-12,16,South,7,7283,6292,Offline,991
2634,2024-10-14,8,South,5,4057,3247,Online,810
2635,2024-06-01,25,East,5,9766,2615,Online,7151
2636,2022-05-27,32,West,4,653,4197,Online,-3544
2637,2023-10-28,26,North,1,9273,6538,Offline,2735
2638,2023-09-12,22,South,5,1287,4790,Offline,-3503
2639,2024-03-30,31,North,4,5386,5264,Online,122
2640,2024-05-13,43,North,8,3881,2711,Online,1170
2641,2023-08-05,10,South,2,8066,7782,Online,284
2642,2024-10-19,12,North,8,6777,416,Offline,6361
2643,2023-11-26,28,East,1,2767,2511,Offline,256
2644,2023-02-11,6,West,4,4758,3224,Online,1534
2645,2023-02-03,20,West,3,1470,3137,Online,-1667
2646,2023-12-16,5,West,5,9339,876,Offline,8463
2647,2023-12-05,23,East,5,1445,6749,Offline,-5304
2648,2024-01-31,9,East,5,6118,1071,Online,5047
2649,2023-05-14,29,East,4,8691,499,Online,8192
2650,2024-08-31,16,West,8,1995,2055,Online,-60
2651,2022-03-23,46,North,3,2547,479,Offline,2068
2652,2023-08-27,22,East,4,9864,2705,Online,7159
2653,2024-02-11,8,South,1,3386,7183,Online,-3797
2654,2024-06-21,20,East,7,5688,3623,Online,2065
2655,2022-12-31,14,South,1,4658,7766,Offline,-3108
2656,2022-06-12,39,West,2,9424,6439,Offline,2985
2657,2024-12-07,37,South,7,3961,6292,Offline,-2331
2658,2023-05-26,50,East,1,7233,6873,Online,360
2659,2022-04-26,34,East,3,2157,7471,Offline,-5314
2660,2024-07-29,11,North,6,5543,5048,Offline,495
2661,2022-12-03,40,West,6,6860,5073,Offline,1787
2662,2024-05-30,33,South,6,978,2601,Offline,-1623
2663,2024-01-07,31,West,2,9829,3288,Offline,6541
2664,2024-04-19,44,East,2,4453,6084,Online,-1631
2665,2022-05-27,34,North,6,9668,1902,Online,7766
2666,2023-03-19,50,East,5,8928,1419,Online,7509
2667,2024-04-16,7,East,7,4543,2514,Online,2029
2668,2024-11-02,49,East,7,1097,7798,Online,-6701
2669,2024-07-31,23,South,5,8856,5360,Offline,3496
2670,2022-10-14,46,East,8,2824,2211,Offline,613
2671,2023-12-21,7,West,6,7799,3201,Online,4598
2672,2023-04-25,25,West,5,1069,1385,Offline,-316
2673,2022-01-22,3,North,4,3828,473,Online,3355
2674,2023-11-14,38,West,7,640,5672,Online,-5032
2675,2024-06-24,20,East,4,9377,3832,Offline,5545
2676,2022-11-16,34,East,5,9378,5019,Online,4359
2677,2022-05-06,49,West,5,3780,1538,Offline,2242
2678,2022-10-04,44,North,1,3263,3610,Online,-347
2679,2022-07-13,44,North,1,4090,6858,Offline,-2768
2680,2023-11-27,30,West,3,2538,5134,Offline,-2596
2681,2022-02-26,17,South,3,1574,4113,Offline,-2539
2682,2022-01-19,10,South,2,6122,4116,Offline,2006
2683,2022-09-21,35,South,2,2725,5070,Offline,-2345
2684,2024-03-04,20,South,6,8023,6569,Offline,1454
2685,2022-04-23,18,West,1,863,7384,Online,-6521
2686,2023-06-26,45,North,6,9759,6696,Online,3063
2687,2023-10-09,44,East,5,2530,2273,Offline,257
2688,2023-08-02,27,East,6,7185,4082,Offline,3103
2689,2024-12-24,49,West,5,6965,2544,Online,4421
2690,2022-01-25,36,East,7,7291,1957,Online,5334
2691,2022-01-01,23,South,1,6657,712,Online,5945
2692,2024-06-29,32,North,3,1117,5875,Online,-4758
2693,2022-05-21,10,West,6,5937,7219,Online,-1282
2694,2023-10-10,11,North,1,2482,7521,Offline,-5039
2695,2022-07-07,38,West,7,6210,3710,Online,2500
2696,2022-07-20,6,West,4,693,4392,Online,-3699
2697,2022-09-14,41,West,3,8664,1682,Online,6982
2698,2023-07-01,47,West,9,4958,7618,Offline,-2660
2699,2022-07-13,34,North,1,1619,1423,Online,196
2700,2023-12-04,36,East,8,7411,4629,Online,2782
2701,2024-03-12,37,West,1,7040,5481,Offline,1559
2702,2024-07-30,17,South,5,1026,4312,Offline,-3286
2703,2023-02-18,40,West,8,7654,2543,Online,5111
2704,2024-06-28,40,North,6,5379,2889,Offline,2490
2705,2022-07-07,12,West,7,6345,2078,Online,4267
2706,2022-02-14,21,South,8,8471,1429,Online,7042
2707,2022-03-24,40,North,6,3173,6738,Offline,-3565
2708,2022-12-24,19,West,6,8260,944,Online,7316
2709,2024-12-25,3,South,6,7697,3822,Offline,3875
2710,2024-07-24,18,North,5,5601,1857,Offline,3744
2711,2023-01-10,19,West,8,4026,6599,Offline,-2573
2712,2022-06-11,47,South,2,4349,4801,Offline,-452
2713,2022-11-18,6,North,7,2134,7339,Online,-5205
2714,2023-03-26,16,West,4,593,3073,Online,-2480
2715,2024-11-02,8,North,1,3866,3085,Online,781
2716,2022-07-03,48,South,5,8216,7240,Offline,976
2717,2022-04-21,18,West,3,3446,2006,Online,1440
2718,2023-05-23,48,West,4,588,2901,Offline,-2313
2719,2022-10-22,43,West,7,3050,3943,Online,-893
2720,2024-06-22,39,South,5,6637,674,Offline,5963
2721,2024-08-31,49,East,4,6857,1912,Online,4945
2722,2023-09-24,49,West,1,1945,754,Online,1191
2723,2024-11-16,12,South,6,5121,4597,Offline,524
2724,2024-01-03,45,North,6,6835,6151,Online,684
2725,2022-11-17,10,North,7,2330,1775,Offline,555
2726,2024-07-01,7,South,1,7285,7654,Offline,-369
2727,2023-03-13,46,East,4,7891,1153,Online,6738
2728,2024-02-20,1,South,9,1054,1023,Online,31
2729,2024-12-12,49,North,6,2934,1691,Online,1243
2730,2023-12-27,36,North,2,9372,2687,Offline,6685
2731,2022-01-31,21,West,4,7419,561,Offline,6858
2732,2022-12-03,37,East,6,6093,842,Offline,5251
2733,2022-07-02,24,South,4,702,850,Offline,-148
2734,2024-11-12,25,North,7,7653,5725,Offline,1928
2735,2023-06-28,7,North,3,5042,6265,Offline,-1223
2736,2024-10-30,42,North,6,8510,4097,Offline,4413
2737,2023-10-22,17,South,4,1328,937,Offline,391
2738,2022-06-09,29,South,3,7670,464,Offline,7206
2739,2024-11-03,30,East,3,2522,3105,Online,-583
2740,2023-02-16,7,West,2,8794,920,Offline,7874
2741,2024-10-08,33,West,3,4711,7555,Offline,-2844
2742,2022-02-22,7,West,1,5454,1523,Online,3931
2743,2023-02-12,24,North,3,4587,3642,Online,945
2744,2024-04-26,11,West,9,8795,350,Offline,8445
2745,2024-11-11,9,North,4,7285,788,Online,6497
2746,2024-11-19,12,East,3,9498,6641,Online,2857
2747,2023-12-04,35,North,8,7666,5442,Offline,2224
2748,2022-09-17,4,East,1,5155,964,Offline,4191
2749,2024-12-18,36,East,5,2574,1546,Online,1028
2750,2024-02-15,28,West,1,9218,6361,Offline,2857
2751,2024-11-01,13,West,7,7418,5640,Online,1778
2752,2024-04-29,23,North,5,3936,3010,Offline,926
2753,2022-12-20,19,South,2,5548,4661,Offline,887
2754,2024-05-22,42,West,1,8989,4468,Online,4521
2755,2024-09-17,37,West,7,5372,4252,Online,1120
2756,2024-10-14,39,South,1,860,6520,Online,-5660
2757,2022-10-21,24,South,3,5099,2891,Online,2208
2758,2022-07-28,16,West,6,7231,1180,Online,6051
2759,2024-03-28,33,South,6,2577,734,Offline,1843
2760,2023-01-25,12,North,7,2673,6424,Offline,-3751
2761,2022-11-21,34,East,1,5191,5484,Online,-293
2762,2024-07-28,7,East,7,1889,2284,Online,-395
2763,2024-06-07,11,West,2,8462,4752,Online,3710
2764,2023-10-30,31,West,6,6471,5331,Offline,1140
2765,2023-09-25,29,North,8,4014,4413,Offline,-399
2766,2023-07-31,13,South,5,8954,7119,Online,1835
2767,2022-05-17,31,West,3,3419,4170,Offline,-751
2768,2023-03-04,2,East,8,501,5985,Offline,-5484
2769,2023-09-04,39,North,8,2433,2922,Online,-489
2770,2024-06-29,15,North,4,893,2092,Online,-1199
2771,2024-03-29,11,South,8,8997,3098,Offline,5899
2772,2022-05-21,34,West,5,1029,7903,Offline,-6874
2773,2022-06-26,39,West,5,5123,5391,Offline,-268
2774,2022-07-17,4,North,3,9656,3812,Offline,5844
2775,2023-09-16,11,East,7,9362,5428,Offline,3934
2776,2023-11-22,29,West,9,4568,1793,Online,2775
2777,2023-02-05,2,East,9,8007,2979,Offline,5028
2778,2023-04-16,16,North,1,6995,7815,Online,-820
2779,2022-08-06,39,West,1,7453,1925,Online,5528
2780,2024-07-17,13,East,5,5553,2719,Offline,2834
2781,2023-09-24,37,North,1,3172,3317,Online,-145
2782,2024-08-08,17,East,4,2213,2147,Offline,66
2783,2024-06-24,21,West,1,4544,3546,Online,998
2784,2022-06-24,44,South,2,1135,1838,Offline,-703
2785,2022-01-23,19,East,2,5634,5549,Online,85
2786,2022-08-23,7,South,4,7119,1616,Offline,5503
2787,2024-11-02,38,West,8,9809,2019,Offline,7790
2788,2024-07-17,8,South,2,7945,2250,Online,5695
2789,2023-06-07,13,North,9,7102,6796,Online,306
2790,2023-03-07,37,South,9,537,523,Online,14
2791,2024-03-03,2,East,2,4275,2326,Offline,1949
2792,2023-06-17,41,East,1,4585,1847,Online,2738
2793,2024-09-05,11,South,9,9210,7397,Online,1813
2794,2024-03-20,24,North,2,5620,4078,Offline,1542
2795,2024-07-01,6,West,8,7244,7976,Offline,-732
2796,2024-05-20,26,South,3,1541,6811,Online,-5270
2797,2023-06-24,7,East,1,5215,6085,Online,-870
2798,2024-10-20,39,East,1,1894,4023,Offline,-2129
2799,2022-08-15,19,South,2,3369,1823,Offline,1546
2800,2024-05-22,6,South,7,4176,5509,Offline,-1333
2801,2024-06-10,43,South,6,4221,3003,Online,1218
2802,2024-11-02,29,West,2,6190,2272,Online,3918
2803,2022-07-29,43,East,4,6318,5491,Offline,827
2804,2024-01-11,39,East,2,734,4828,Offline,-4094
2805,2023-02-01,2,East,1,3640,5767,Offline,-2127
2806,2022-01-31,19,West,3,9138,5682,Online,3456
2807,2024-06-16,4,North,4,8699,5690,Online,3009
2808,2023-10-11,6,East,5,1499,4904,Online,-3405
2809,2022-11-25,49,East,5,1834,4903,Online,-3069
2810,2024-08-09,37,North,7,8825,916,Offline,7909
2811,2023-09-13,28,West,8,8747,4815,Offline,3932
2812,2022-06-11,30,North,9,5588,5491,Online,97
2813,2024-02-15,7,North,7,5979,4469,Offline,1510
2814,2022-10-01,9,North,5,6590,6074,Offline,516
2815,2024-10-23,25,North,9,1611,7970,Online,-6359
2816,2024-11-17,33,West,8,8835,2921,Offline,5914
2817,2022-11-22,1,West,9,3416,4541,Online,-1125
2818,2024-07-28,6,North,8,7299,2393,Online,4906
2819,2023-06-24,18,South,6,2603,2064,Online,539
2820,2023-05-03,10,South,4,9311,3476,Offline,5835
2821,2024-04-01,28,South,9,5625,1432,Online,4193
2822,2024-12-24,11,South,9,7090,7784,Offline,-694
2823,2022-12-22,33,East,9,3421,4516,Offline,-1095
2824,2022-08-23,1,West,3,5234,3870,Online,1364
2825,2022-08-15,13,West,3,3873,1366,Online,2507
2826,2022-02-18,37,North,6,7254,6359,Online,895
2827,2022-04-28,20,East,6,1336,2446,Online,-1110
2828,2022-02-23,1,North,6,9528,1005,Online,8523
2829,2023-07-19,3,North,5,7207,2658,Offline,4549
2830,2024-12-03,18,West,5,5812,5633,Offline,179
2831,2022-02-22,41,East,2,4322,3834,Offline,488
2832,2023-07-12,14,South,7,6653,4112,Online,2541
2833,2024-05-17,31,West,4,1304,2770,Online,-1466
2834,2023-02-02,27,East,3,1575,4367,Offline,-2792
2835,2023-11-06,17,East,8,4952,3760,Online,1192
2836,2023-01-22,46,West,4,2163,4068,Offline,-1905
2837,2022-04-21,29,West,4,7928,7579,Offline,349
2838,2023-09-06,36,North,8,2553,2234,Offline,319
2839,2022-01-17,37,North,1,2920,6278,Online,-3358
2840,2024-06-02,26,North,9,3028,2619,Online,409
2841,2023-06-25,17,South,7,4817,3172,Offline,1645
2842,2022-06-20,22,West,2,8477,5521,Online,2956
2843,2023-02-13,25,East,6,9206,509,Online,8697
2844,2024-01-10,2,West,8,7727,5134,Online,2593
2845,2024-05-07,22,East,5,8912,7236,Offline,1676
2846,2022-08-18,5,South,6,727,5441,Offline,-4714
2847,2022-04-29,4,West,8,2837,3107,Offline,-270
2848,2024-02-23,36,East,6,1455,4554,Offline,-3099
2849,2023-04-10,6,East,9,1997,4262,Offline,-2265
2850,2022-04-14,21,North,9,9972,5136,Online,4836
2851,2023-11-29,13,South,9,2478,2253,Offline,225
2852,2022-06-24,37,West,6,2029,2690,Online,-661
2853,2024-01-15,25,North,9,3162,5819,Offline,-2657
2854,2023-10-27,26,South,3,6933,3825,Online,3108
2855,2022-02-02,39,North,5,7945,5094,Online,2851
2856,2022-02-24,20,West,2,4784,3514,Offline,1270
2857,2023-06-03,33,East,8,9609,6269,Online,3340
2858,2024-01-26,14,West,4,1701,2744,Online,-1043
2859,2022-01-12,36,South,6,7631,2883,Online,4748
2860,2023-12-21,17,West,6,1259,440,Online,819
2861,2023-07-09,21,South,5,6073,7404,Online,-1331
2862,2023-01-08,46,North,1,5661,4635,Online,1026
2863,2023-04-29,16,South,7,4789,591,Offline,4198
2864,2024-08-30,46,East,8,5946,3164,Online,2782
2865,2023-09-15,16,East,1,4758,4477,Offline,281
2866,2022-11-03,20,East,7,4871,2907,Online,1964
2867,2023-04-02,29,North,4,2165,4236,Online,-2071
2868,2022-06-09,28,South,6,7418,3217,Online,4201
2869,2022-11-27,8,North,9,7123,2518,Online,4605
2870,2024-02-15,24,West,5,9151,2097,Online,7054
2871,2022-08-13,3,West,8,7932,1276,Online,6656
2872,2024-09-09,25,West,5,7182,879,Online,6303
2873,2023-12-30,19,West,2,6728,2873,Online,3855
2874,2024-12-04,33,East,4,6327,2889,Offline,3438
2875,2024-12-18,2,South,2,5935,6553,Offline,-618
2876,2023-10-06,15,East,7,8136,3583,Offline,4553
2877,2023-09-08,22,South,7,1865,2099,Offline,-234
2878,2022-07-14,10,South,3,7844,1761,Online,6083
2879,2023-05-04,18,North,7,3701,4717,Online,-1016
2880,2022-06-06,22,West,1,5252,4368,Online,884
2881,2023-09-02,46,South,1,6591,3247,Offline,3344
2882,2023-02-16,49,West,9,7114,1013,Offline,6101
2883,2023-04-16,27,West,6,2021,6527,Offline,-4506
2884,2023-05-31,13,West,5,8021,7399,Online,622
2885,2023-01-28,33,East,6,7059,2723,Online,4336
2886,2023-09-23,5,West,6,2123,7520,Offline,-5397
2887,2023-08-31,26,South,1,9373,2190,Online,7183
2888,2024-09-06,13,East,5,3634,3867,Online,-233
2889,2023-03-10,27,West,9,6320,5675,Online,645
2890,2023-06-24,14,North,4,5494,7029,Offline,-1535
2891,2022-10-05,24,West,3,5196,7687,Online,-2491
2892,2022-08-21,3,West,1,2367,1978,Offline,389
2893,2022-12-28,47,East,2,9891,2447,Offline,7444
2894,2022-01-26,49,South,3,3323,6572,Online,-3249
2895,2024-11-14,30,West,4,6606,1217,Online,5389
2896,2023-05-22,35,East,7,668,2566,Online,-1898
2897,2022-09-24,48,East,6,8287,2824,Offline,5463
2898,2023-04-06,14,South,8,9130,2106,Offline,7024
2899,2023-04-01,12,East,9,5409,7925,Online,-2516
2900,2024-12-27,28,South,6,8527,4351,Online,4176
2901,2024-10-03,44,North,7,5181,6465,Offline,-1284
2902,2024-05-12,29,West,4,9555,859,Offline,8696
2903,2023-05-06,43,East,2,5637,928,Offline,4709
2904,2024-12-08,17,North,9,8831,3366,Offline,5465
2905,2023-07-18,40,East,9,5734,5748,Offline,-14
2906,2022-08-04,49,East,4,724,2211,Online,-1487
2907,2023-07-13,21,North,3,9249,4062,Offline,5187
2908,2022-06-08,23,East,6,7082,3851,Offline,3231
2909,2023-05-04,20,East,3,2073,2108,Online,-35
2910,2023-11-17,11,North,1,9077,2686,Offline,6391
2911,2024-03-04,34,East,4,9212,2195,Offline,7017
2912,2022-01-05,10,South,1,7263,4230,Online,3033
2913,2022-12-27,10,East,2,5717,6622,Offline,-905
2914,2023-04-04,43,West,3,3642,6864,Online,-3222
2915,2022-09-05,6,East,8,4001,7949,Offline,-3948
2916,2024-08-03,36,West,4,1999,1306,Offline,693
2917,2023-02-26,24,West,4,9595,348,Online,9247
2918,2022-01-15,12,East,9,7187,2150,Offline,5037
2919,2024-01-06,43,North,7,5745,2229,Offline,3516
2920,2022-10-04,23,South,2,9862,7210,Online,2652
2921,2023-03-29,27,South,3,2244,6473,Offline,-4229
2922,2023-08-21,45,East,4,2539,2432,Offline,107
2923,2023-03-22,37,North,4,8811,7232,Offline,1579
2924,2022-07-29,6,North,8,4357,1825,Offline,2532
2925,2023-12-15,1,South,6,5450,5965,Offline,-515
2926,2022-10-29,6,North,3,9707,628,Online,9079
2927,2022-01-03,50,East,9,7587,2957,Offline,4630
2928,2024-09-16,22,East,8,6531,4829,Offline,1702
2929,2023-06-04,41,North,9,2243,887,Online,1356
2930,2023-05-08,24,East,5,4041,6106,Online,-2065
2931,2023-09-12,25,West,3,4116,6272,Online,-2156
2932,2022-11-27,15,South,4,4394,5668,Online,-1274
2933,2022-11-29,26,East,5,2224,6271,Offline,-4047
2934,2022-02-19,8,North,9,6727,3505,Offline,3222
2935,2024-05-12,24,South,9,4562,7133,Offline,-2571
2936,2022-09-29,48,East,3,8347,6441,Offline,1906
2937,2023-08-03,38,South,7,4781,7832,Offline,-3051
2938,2023-07-14,6,North,6,8763,1898,Offline,6865
2939,2023-11-27,35,West,4,2700,4151,Offline,-1451
2940,2023-03-22,42,West,5,2643,2772,Online,-129
2941,2024-10-13,1,East,2,3681,7882,Offline,-4201
2942,2022-12-23,46,West,7,3375,3117,Online,258
2943,2022-10-01,36,East,4,7020,4907,Online,2113
2944,2024-11-08,12,South,2,1596,1708,Online,-112
2945,2022-11-07,38,East,6,9415,5807,Offline,3608
2946,2024-05-19,11,East,2,7418,6234,Offline,1184
2947,2024-06-04,12,East,2,8648,1311,Online,7337
2948,2022-06-03,42,West,7,3714,5868,Offline,-2154
2949,2023-09-12,50,East,1,8249,4959,Offline,3290
2950,2024-06-01,39,North,7,6064,4698,Online,1366
2951,2024-03-07,7,East,5,3371,6542,Online,-3171
2952,2022-05-05,11,South,1,4989,4344,Offline,645
2953,2023-09-11,36,North,6,5107,1629,Online,3478
2954,2022-09-02,31,South,7,7264,2904,Online,4360
2955,2024-04-27,33,South,1,6334,6485,Online,-151
2956,2023-03-26,13,South,9,3899,7434,Offline,-3535
2957,2024-07-18,18,North,7,5878,6911,Offline,-1033
2958,2023-06-04,41,North,1,2357,6883,Online,-4526
2959,2022-12-28,24,West,3,8104,6770,Online,1334
2960,2022-01-08,9,North,5,8231,7012,Offline,1219
2961,2023-04-23,31,East,4,2896,2323,Offline,573
2962,2023-05-10,41,South,2,2761,6476,Offline,-3715
2963,2024-04-12,10,West,1,1812,4807,Offline,-2995
2964,2024-11-28,2,North,4,2805,6045,Offline,-3240
2965,2023-08-16,38,South,7,6007,7255,Offline,-1248
2966,2022-07-06,15,North,4,3241,3485,Online,-244
2967,2024-01-24,3,West,9,3836,4903,Online,-1067
2968,2022-04-03,43,North,8,7980,4451,Online,3529
2969,2022-03-27,31,North,8,5659,6143,Offline,-484
2970,2024-12-03,6,South,5,1497,7819,Online,-6322
2971,2022-05-17,3,East,1,6853,7796,Online,-943
2972,2023-02-25,11,North,9,2819,2893,Online,-74
2973,2022-03-15,15,West,2,3707,3641,Online,66
2974,2022-06-20,45,North,6,9290,495,Online,8795
2975,2022-06-19,28,North,5,9775,6856,Online,2919
2976,2024-05-21,10,East,8,4081,7080,Online,-2999
2977,2022-11-18,38,South,3,3586,7546,Offline,-3960
2978,2023-04-01,47,West,6,7666,2090,Online,5576
2979,2024-08-01,50,South,6,1221,6076,Online,-4855
2980,2024-02-29,50,South,3,1654,1406,Offline,248
2981,2023-09-05,7,South,7,7667,3089,Online,4578
2982,2024-06-07,15,North,4,516,2484,Offline,-1968
2983,2022-12-15,18,East,5,7597,838,Online,6759
2984,2022-01-10,18,North,9,9683,5084,Offline,4599
2985,2024-01-10,41,West,6,2732,1018,Online,1714
2986,2023-10-29,24,East,4,1946,7376,Online,-5430
2987,2023-06-30,2,South,8,6274,4295,Online,1979
2988,2022-05-09,40,East,9,3583,605,Online,2978
2989,2023-08-24,20,West,5,8771,5730,Online,3041
2990,2023-08-28,34,North,2,7452,687,Offline,6765
2991,2022-11-23,43,North,6,8341,1024,Online,7317
2992,2024-09-06,26,South,8,9963,6435,Offline,3528
2993,2023-02-08,7,North,5,5891,6285,Online,-394
2994,2023-09-21,38,North,1,9701,5310,Online,4391
2995,2023-12-19,30,West,8,9464,2896,Online,6568
2996,2024-11-06,42,East,9,8414,6949,Offline,1465
2997,2022-10-01,5,North,1,982,2735,Offline,-1753
2998,2023-11-16,11,West,8,6181,2640,Offline,3541
2999,2022-04-26,1,West,2,7937,478,Offline,7459
3000,2024-05-10,34,South,4,9797,7115,Offline,2682
3001,2023-11-24,1,West,2,5703,7896,Online,-2193
3002,2022-11-20,19,South,2,3861,2203,Online,1658
3003,2024-08-18,2,North,3,6447,7991,Offline,-1544
3004,2022-04-24,21,South,8,9533,2004,Offline,7529
3005,2024-12-17,20,West,4,4034,3683,Online,351
3006,2022-06-03,23,East,7,2372,4475,Online,-2103
3007,2022-11-11,21,East,3,7758,7481,Offline,277
3008,2024-11-30,24,North,3,6482,7521,Offline,-1039
3009,2022-04-15,4,North,2,4005,4842,Online,-837
3010,2022-12-20,12,East,6,3820,5161,Offline,-1341
3011,2024-10-12,22,South,6,3228,5484,Online,-2256
3012,2024-01-03,20,North,1,1454,5791,Offline,-4337
3013,2023-12-10,18,West,7,2095,6946,Offline,-4851
3014,2023-10-13,1,North,4,2788,4965,Online,-2177
3015,2024-04-03,30,South,3,7345,395,Online,6950
3016,2024-08-04,33,North,8,8163,5952,Offline,2211
3017,2023-10-23,24,West,2,7436,1583,Online,5853
3018,2022-04-09,14,West,9,1243,7028,Offline,-5785
3019,2023-08-11,36,West,8,1994,547,Offline,1447
3020,2022-10-09,5,South,8,7106,6570,Online,536
3021,2023-02-07,11,South,3,7444,6942,Online,502
3022,2023-12-01,24,West,4,7708,6489,Online,1219
3023,2022-07-18,31,West,2,707,1281,Offline,-574
3024,2022-11-23,13,South,2,1583,4663,Online,-3080
3025,2022-06-03,16,South,4,2912,6059,Online,-3147
3026,2023-07-06,24,South,6,3811,1865,Online,1946
3027,2023-02-09,13,East,5,7251,2441,Offline,4810
3028,2023-04-07,24,South,1,8457,1035,Online,7422
3029,2022-05-12,26,West,1,9088,3687,Online,5401
3030,2024-03-01,2,East,6,708,2959,Online,-2251
3031,2024-05-23,16,South,3,8048,6514,Online,1534
3032,2022-03-25,38,West,3,9124,7036,Offline,2088
3033,2024-01-24,46,North,7,3156,748,Offline,2408
3034,2023-09-20,1,East,1,6350,6329,Offline,21
3035,2022-08-09,49,West,1,2936,7834,Offline,-4898
3036,2023-07-07,11,North,3,5893,2135,Online,3758
3037,2022-04-22,35,West,8,633,5015,Offline,-4382
3038,2023-09-07,43,South,1,7733,913,Online,6820
3039,2024-07-12,29,South,4,1138,1733,Offline,-595
3040,2023-04-20,37,North,9,1728,6534,Online,-4806
3041,2024-04-15,17,South,4,4519,5928,Online,-1409
3042,2022-09-28,39,West,8,9982,1176,Online,8806
3043,2023-02-25,42,North,7,2696,2875,Offline,-179
3044,2023-12-08,28,West,3,1475,1433,Offline,42
3045,2022-02-09,29,West,7,6621,5170,Offline,1451
3046,2022-07-08,43,West,7,1528,971,Online,557
3047,2024-09-20,3,South,3,1025,7208,Offline,-6183
3048,2023-06-20,10,South,2,2827,7556,Online,-4729
3049,2024-10-24,42,West,9,3046,1930,Offline,1116
3050,2022-10-17,14,East,1,1335,7739,Offline,-6404
3051,2023-03-09,12,West,7,2983,3618,Offline,-635
3052,2023-04-16,47,West,4,3234,6443,Offline,-3209
3053,2023-09-20,42,North,2,7804,660,Offline,7144
3054,2022-10-06,30,West,2,4549,6821,Online,-2272
3055,2024-05-26,32,South,8,9995,7673,Offline,2322
3056,2023-08-04,32,North,7,8823,2692,Offline,6131
3057,2024-05-12,42,East,7,892,4201,Offline,-3309
3058,2022-09-11,32,North,5,2966,1097,Online,1869
3059,2022-06-30,26,East,8,1725,2083,Offline,-358
3060,2023-11-12,1,North,2,3205,6898,Offline,-3693
3061,2024-04-04,42,North,2,961,7351,Online,-6390
3062,2023-12-01,2,East,5,4485,366,Offline,4119
3063,2023-07-20,17,South,1,651,3334,Online,-2683
3064,2023-11-11,30,South,6,2285,5977,Online,-3692
3065,2023-01-26,39,South,4,6742,7422,Offline,-680
3066,2022-07-31,7,North,6,8645,2390,Online,6255
3067,2023-01-19,27,West,7,6856,2576,Offline,4280
3068,2022-12-08,9,North,3,7810,6370,Online,1440
3069,2024-04-23,22,West,8,7345,6232,Offline,1113
3070,2024-11-27,34,West,7,3960,3815,Online,145
3071,2023-02-24,46,South,1,2336,533,Online,1803
3072,2024-01-21,49,West,6,9767,1522,Online,8245
3073,2022-11-02,1,North,7,6243,2844,Offline,3399
3074,2023-12-03,9,North,4,6778,7291,Online,-513
3075,2024-05-18,20,South,2,1993,1355,Offline,638
3076,2023-06-21,19,East,9,9827,7731,Offline,2096
3077,2022-07-25,36,North,7,2048,6556,Online,-4508
3078,2023-05-11,40,West,1,9476,5368,Offline,4108
3079,2024-12-06,45,North,8,5663,6249,Offline,-586
3080,2023-05-19,4,North,3,6204,4854,Online,1350
3081,2024-11-11,9,North,4,6904,3647,Offline,3257
3082,2022-08-01,41,East,5,7188,1469,Offline,5719
3083,2022-11-06,22,West,1,4151,5776,Online,-1625
3084,2023-10-23,18,South,6,2563,4401,Online,-1838
3085,2024-01-23,12,North,6,2520,7807,Online,-5287
3086,2022-09-29,42,West,2,5257,7435,Online,-2178
3087,2024-07-26,43,West,6,6423,793,Offline,5630
3088,2022-02-01,39,South,8,7853,3479,Offline,4374
3089,2023-03-19,9,North,6,9642,4143,Offline,5499
3090,2022-06-11,6,East,4,8716,6514,Online,2202
3091,2024-02-06,19,West,4,8709,5334,Offline,3375
3092,2022-09-11,48,South,9,1069,1663,Online,-594
3093,2023-06-05,47,East,6,5612,7117,Offline,-1505
3094,2024-09-03,7,West,8,1855,7567,Online,-5712
3095,2022-01-10,16,North,8,8556,3698,Offline,4858
3096,2023-12-27,5,West,7,1330,1356,Offline,-26
3097,2023-05-20,16,East,3,5631,442,Online,5189
3098,2024-02-24,1,East,1,5902,3615,Offline,2287
3099,2023-03-12,37,North,5,9563,5131,Offline,4432
3100,2022-06-02,39,North,2,1334,3073,Offline,-1739
3101,2024-07-05,19,South,2,5452,6099,Offline,-647
3102,2024-05-18,37,North,7,1469,2184,Online,-715
3103,2024-01-23,17,South,3,1092,2564,Offline,-1472
3104,2023-07-17,26,East,8,754,2224,Online,-1470
3105,2023-05-04,22,East,9,3161,4345,Online,-1184
3106,2024-06-13,8,West,8,9294,2781,Online,6513
3107,2022-04-14,33,West,6,9757,2190,Offline,7567
3108,2024-10-21,2,South,5,2339,7277,Online,-4938
3109,2024-10-03,30,North,3,6405,3425,Online,2980
3110,2023-02-11,47,North,3,2931,7163,Online,-4232
3111,2022-06-16,20,West,7,8256,1241,Offline,7015
3112,2023-05-24,18,East,5,5853,1915,Offline,3938
3113,2022-11-09,43,South,6,1465,7350,Online,-5885
3114,2024-02-02,10,East,6,2237,6311,Online,-4074
3115,2023-11-12,24,East,9,984,2268,Offline,-1284
3116,2023-04-22,4,North,1,8441,7438,Online,1003
3117,2022-03-14,37,South,8,8702,3522,Offline,5180
3118,2023-08-05,4,East,5,6751,4450,Online,2301
3119,2022-09-19,13,West,6,2527,7984,Offline,-5457
3120,2022-09-02,25,West,6,5713,1771,Offline,3942
3121,2023-07-15,13,North,1,8490,1358,Offline,7132
3122,2022-06-24,18,West,3,6727,7304,Online,-577
3123,2022-04-19,24,West,6,7481,1306,Online,6175
3124,2022-07-02,2,East,9,9296,3490,Offline,5806
3125,2022-07-11,48,West,6,1468,1520,Offline,-52
3126,2022-03-06,33,West,6,936,4961,Online,-4025
3127,2024-08-20,19,East,1,2309,5166,Offline,-2857
3128,2024-05-13,9,North,9,7046,2097,Online,4949
3129,2023-01-04,28,North,4,8607,6274,Offline,2333
3130,2024-04-30,35,South,2,6005,5273,Offline,732
3131,2022-02-12,39,West,1,5757,3171,Online,2586
3132,2023-05-03,10,East,3,5409,813,Online,4596
3133,2022-03-19,1,South,3,8984,1917,Offline,7067
3134,2024-04-05,42,North,5,961,7305,Online,-6344
3135,2023-11-05,21,North,1,3733,4817,Offline,-1084
3136,2023-12-02,9,East,7,5702,6371,Online,-669
3137,2024-01-29,47,South,1,3439,4912,Offline,-1473
3138,2023-12-29,15,South,4,588,4057,Online,-3469
3139,2024-07-13,35,East,6,2163,2332,Online,-169
3140,2024-06-20,5,East,1,3801,3510,Offline,291
3141,2024-06-07,41,South,7,5637,1004,Offline,4633
3142,2024-09-19,22,North,7,6529,1973,Offline,4556
3143,2022-12-05,41,West,3,921,7252,Offline,-6331
3144,2022-07-12,23,North,4,4249,3999,Offline,250
3145,2022-10-10,7,East,6,5471,2391,Offline,3080
3146,2023-01-25,23,South,7,7345,5253,Online,2092
3147,2024-09-26,44,South,4,4933,3148,Offline,1785
3148,2023-06-09,25,West,9,765,4614,Offline,-3849
3149,2023-10-21,27,South,9,3350,4963,Offline,-1613
3150,2023-12-17,41,West,9,1878,2077,Offline,-199
3151,2024-06-09,6,North,6,7003,7351,Online,-348
3152,2023-03-28,34,North,2,7657,4653,Offline,3004
3153,2023-03-04,9,South,2,4916,5932,Offline,-1016
3154,2024-11-11,49,South,4,1349,5356,Online,-4007
3155,2024-06-01,33,East,9,5314,5796,Online,-482
3156,2022-11-09,6,East,3,9683,1192,Offline,8491
3157,2024-04-19,37,South,6,4264,6732,Online,-2468
3158,2023-06-03,31,South,2,7879,7937,Offline,-58
3159,2023-01-10,34,North,1,3774,1271,Online,2503
3160,2023-03-27,41,South,5,1216,402,Online,814
3161,2024-10-11,29,East,8,5580,7247,Online,-1667
3162,2023-08-18,14,North,2,1395,7616,Online,-6221
3163,2023-05-15,36,West,9,9868,1407,Online,8461
3164,2023-04-09,36,East,8,3043,6351,Offline,-3308
3165,2022-04-23,15,East,3,8271,5445,Offline,2826
3166,2024-11-01,8,North,1,5137,3546,Online,1591
3167,2022-11-27,26,West,4,8566,6154,Online,2412
3168,2022-05-20,36,East,8,4053,4012,Online,41
3169,2024-06-20,48,South,3,1849,5841,Offline,-3992
3170,2023-06-01,21,East,2,3486,6073,Offline,-2587
3171,2023-07-23,28,North,7,7696,3717,Offline,3979
3172,2024-04-25,4,North,4,2622,6745,Online,-4123
3173,2024-12-28,16,North,6,9189,5717,Offline,3472
3174,2022-04-28,22,East,5,8546,7602,Online,944
3175,2024-06-06,12,West,2,9413,5474,Online,3939
3176,2024-12-18,16,South,2,1863,4451,Online,-2588
3177,2024-11-22,40,North,9,807,5410,Online,-4603
3178,2022-02-19,38,West,2,3251,6817,Offline,-3566
3179,2022-01-19,42,South,8,9575,3959,Offline,5616
3180,2023-12-27,37,North,8,8282,5226,Online,3056
3181,2022-07-16,29,South,1,1764,1219,Online,545
3182,2023-07-13,18,South,1,5839,7806,Online,-1967
3183,2023-03-28,10,West,4,8003,4852,Online,3151
3184,2022-10-16,42,South,2,6348,7822,Online,-1474
3185,2023-01-26,39,North,1,9744,4527,Online,5217
3186,2022-08-03,18,West,9,993,4888,Offline,-3895
3187,2022-08-03,1,East,3,2521,5973,Offline,-3452
3188,2022-05-08,39,East,1,2247,6283,Offline,-4036
3189,2024-01-30,21,West,2,5587,2457,Online,3130
3190,2023-02-08,1,East,8,3802,881,Offline,2921
3191,2024-11-18,15,South,5,7627,1095,Offline,6532
3192,2022-12-04,4,North,7,5522,3497,Offline,2025
3193,2024-04-10,20,South,6,6655,2183,Offline,4472
3194,2023-12-15,10,West,1,9623,3667,Offline,5956
3195,2022-12-27,23,North,6,6909,5598,Online,1311
3196,2023-07-23,41,West,7,5754,6344,Online,-590
3197,2022-08-06,34,West,4,9448,1109,Online,8339
3198,2022-07-21,46,West,8,9746,3233,Offline,6513
3199,2022-01-17,48,South,8,4854,3568,Online,1286
3200,2022-11-18,33,North,7,3953,5168,Offline,-1215
3201,2023-06-02,34,North,2,3016,5520,Online,-2504
3202,2023-11-12,39,North,6,6569,3284,Offline,3285
3203,2023-03-01,10,South,6,7874,872,Offline,7002
3204,2024-10-15,20,East,7,9338,1506,Online,7832
3205,2023-01-22,1,South,6,5708,5204,Online,504
3206,2024-02-17,13,South,2,694,5274,Offline,-4580
3207,2022-04-08,1,West,8,9837,3380,Offline,6457
3208,2022-07-27,5,North,4,4791,2760,Online,2031
3209,2023-08-09,16,North,9,6710,2041,Online,4669
3210,2022-06-15,15,East,8,5630,4305,Offline,1325
3211,2022-01-22,49,East,3,821,5225,Online,-4404
3212,2022-06-03,28,West,3,7205,2913,Online,4292
3213,2022-08-07,31,North,8,2202,2015,Online,187
3214,2023-10-31,23,East,2,1330,6547,Online,-5217
3215,2022-08-18,48,East,9,8880,5545,Offline,3335
3216,2022-01-20,45,North,4,6106,1869,Offline,4237
3217,2023-07-07,43,South,6,591,976,Offline,-385
3218,2024-08-07,17,East,3,4377,5340,Online,-963
3219,2022-05-28,49,North,3,2836,2133,Offline,703
3220,2023-02-07,34,East,3,8176,6713,Offline,1463
3221,2023-08-19,13,West,2,2080,2813,Online,-733
3222,2023-01-02,14,East,8,8866,1100,Online,7766
3223,2024-03-12,11,North,9,6292,1441,Offline,4851
3224,2024-07-06,28,East,8,8246,5511,Offline,2735
3225,2022-03-14,42,West,3,973,6031,Online,-5058
3226,2023-04-26,32,West,7,769,3352,Online,-2583
3227,2023-07-14,35,East,2,7050,2331,Online,4719
3228,2024-01-15,31,East,4,1193,1808,Online,-615
3229,2022-04-10,17,West,6,1915,1410,Online,505
3230,2024-12-18,47,West,5,2583,4629,Offline,-2046
3231,2023-05-23,9,South,9,1735,1212,Offline,523
3232,2022-09-15,10,South,4,4467,5543,Offline,-1076
3233,2023-02-17,8,West,5,8825,5622,Offline,3203
3234,2024-12-24,21,East,4,5285,1355,Online,3930
3235,2023-08-18,13,North,8,6625,6800,Online,-175
3236,2022-09-23,50,East,8,7134,7930,Offline,-796
3237,2024-03-31,5,East,3,6468,7407,Online,-939
3238,2023-10-24,6,South,1,1340,5970,Offline,-4630
3239,2024-08-04,30,South,6,5583,4489,Offline,1094
3240,2023-07-14,31,South,2,1961,5941,Offline,-3980
3241,2024-07-05,17,West,2,5434,2050,Offline,3384
3242,2024-06-09,11,West,3,3972,7875,Offline,-3903
3243,2024-05-17,20,East,8,7663,3471,Offline,4192
3244,2023-09-02,48,East,3,7075,6687,Online,388
3245,2023-02-18,9,North,7,5343,4453,Online,890
3246,2022-01-25,2,East,9,8239,3312,Offline,4927
3247,2022-10-11,37,East,8,3009,3728,Offline,-719
3248,2024-05-30,1,South,1,9657,3862,Offline,5795
3249,2022-10-28,4,South,7,6522,6763,Online,-241
3250,2024-12-27,36,South,7,2538,5438,Online,-2900
3251,2024-10-27,25,South,8,2350,656,Online,1694
3252,2024-03-27,3,South,5,7932,6560,Offline,1372
3253,2022-03-24,9,North,9,9426,5555,Online,3871
3254,2022-02-15,22,North,9,2953,4691,Offline,-1738
3255,2023-09-10,23,North,8,3516,4920,Online,-1404
3256,2024-07-16,12,South,6,7125,5520,Offline,1605
3257,2022-09-19,10,West,6,7904,7847,Offline,57
3258,2022-06-25,34,South,1,4503,7622,Offline,-3119
3259,2023-10-19,43,South,6,2813,1917,Online,896
3260,2024-04-21,10,North,4,5123,1923,Online,3200
3261,2023-01-05,30,South,4,3663,5524,Online,-1861
3262,2022-02-23,22,North,2,7686,1965,Offline,5721
3263,2023-11-21,6,South,4,7515,5945,Offline,1570
3264,2023-01-02,50,East,5,8282,3499,Online,4783
3265,2023-10-06,2,West,5,5714,4796,Online,918
3266,2023-01-14,30,West,5,9121,1895,Offline,7226
3267,2022-03-14,2,North,4,7438,2289,Offline,5149
3268,2024-07-03,32,East,1,3488,3086,Online,402
3269,2024-05-09,42,West,8,5656,828,Offline,4828
3270,2022-02-12,16,North,3,6012,2904,Online,3108
3271,2023-01-12,12,South,2,2850,6993,Online,-4143
3272,2024-11-30,1,South,9,4488,3495,Offline,993
3273,2022-06-19,8,East,7,3370,2707,Online,663
3274,2022-07-31,48,West,9,6987,363,Online,6624
3275,2022-02-08,50,South,2,3410,4260,Offline,-850
3276,2023-01-04,13,North,9,5113,3112,Online,2001
3277,2024-01-27,15,South,9,3364,3121,Online,243
3278,2022-05-31,44,South,9,1517,4327,Offline,-2810
3279,2024-12-06,8,West,4,5190,7067,Offline,-1877
3280,2024-10-20,10,West,3,8873,401,Online,8472
3281,2024-01-07,46,North,6,7259,7004,Online,255
3282,2022-03-10,5,East,3,2951,3648,Offline,-697
3283,2022-10-26,50,East,9,2452,3598,Offline,-1146
3284,2024-08-01,19,South,3,5200,3394,Online,1806
3285,2024-03-12,47,North,2,8954,3191,Online,5763
3286,2022-10-23,38,East,8,6713,3435,Online,3278
3287,2022-07-22,11,East,6,1160,1480,Online,-320
3288,2022-03-02,43,South,8,1815,6214,Offline,-4399
3289,2024-08-03,20,North,7,7881,5809,Offline,2072
3290,2024-08-20,20,East,3,3419,7616,Offline,-4197
3291,2022-11-27,21,West,8,2572,3186,Offline,-614
3292,2022-12-04,18,West,1,5942,7830,Online,-1888
3293,2023-10-01,50,South,1,2519,3028,Offline,-509
3294,2022-10-02,10,South,8,7125,7931,Online,-806
3295,2022-11-15,34,South,9,1315,2992,Online,-1677
3296,2023-08-12,26,South,6,5277,698,Offline,4579
3297,2023-05-19,30,East,5,5234,704,Offline,4530
3298,2023-01-22,9,North,2,4129,3173,Online,956
3299,2024-05-19,46,South,9,3253,7599,Offline,-4346
3300,2024-04-12,31,South,6,7005,3568,Online,3437
3301,2024-10-11,42,East,8,5185,2994,Online,2191
3302,2023-08-26,4,South,9,701,2382,Offline,-1681
3303,2023-11-22,6,South,9,1504,2767,Online,-1263
3304,2023-05-09,14,North,8,1812,4772,Offline,-2960
3305,2023-05-05,4,West,8,2525,7866,Offline,-5341
3306,2023-12-22,26,South,3,3633,4615,Offline,-982
3307,2023-05-24,47,East,3,4721,2221,Online,2500
3308,2023-01-25,48,North,2,6692,4259,Offline,2433
3309,2022-10-22,39,East,1,4171,7140,Online,-2969
3310,2024-03-06,17,North,4,5441,1840,Offline,3601
3311,2024-05-14,19,North,2,2104,6002,Online,-3898
3312,2023-07-03,49,South,2,2402,2689,Online,-287
3313,2023-10-11,6,South,5,5088,5148,Online,-60
3314,2023-07-22,29,South,4,8660,6282,Online,2378
3315,2024-05-02,11,West,1,2849,2763,Online,86
3316,2024-02-09,16,West,9,5559,7923,Offline,-2364
3317,2023-03-21,30,East,4,8428,3668,Online,4760
3318,2022-12-29,25,South,5,7620,3285,Offline,4335
3319,2022-05-03,40,West,7,4864,7798,Offline,-2934
3320,2024-01-12,11,South,2,5219,7450,Offline,-2231
3321,2023-11-11,7,West,8,6743,979,Offline,5764
3322,2023-02-24,26,West,2,8581,7806,Online,775
3323,2022-04-02,22,North,5,9510,1047,Offline,8463
3324,2022-03-04,25,South,2,3177,3153,Offline,24
3325,2023-05-27,19,South,2,1047,1621,Offline,-574
3326,2024-02-11,31,West,4,9050,4048,Offline,5002
3327,2022-09-13,26,South,4,3861,6755,Offline,-2894
3328,2022-05-15,42,West,8,2424,6162,Offline,-3738
3329,2024-05-24,41,South,6,5743,4450,Online,1293
3330,2024-04-01,36,North,8,5147,5089,Online,58
3331,2022-03-29,23,South,7,7181,833,Online,6348
3332,2024-09-14,47,North,4,3201,2118,Offline,1083
3333,2024-04-02,13,East,2,921,4500,Offline,-3579
3334,2024-10-23,25,South,9,835,7642,Offline,-6807
3335,2024-08-31,2,South,2,556,2641,Online,-2085
3336,2024-07-22,2,South,1,4450,7323,Offline,-2873
3337,2022-05-01,16,North,8,7555,6994,Offline,561
3338,2024-11-27,9,South,9,3647,5306,Online,-1659
3339,2024-10-04,28,South,1,4037,2722,Offline,1315
3340,2024-07-13,13,West,7,6928,4845,Online,2083
3341,2023-10-07,35,East,2,1221,1768,Offline,-547
3342,2023-12-15,41,North,6,885,7527,Offline,-6642
3343,2024-05-09,13,West,5,3317,5811,Offline,-2494
3344,2022-01-21,31,North,1,7926,5207,Online,2719
3345,2022-08-30,21,West,2,7615,4785,Offline,2830
3346,2023-03-31,32,East,2,759,1535,Online,-776
3347,2024-08-20,34,West,6,4988,3014,Offline,1974
3348,2023-09-13,8,North,1,9291,2008,Online,7283
3349,2022-10-30,41,South,4,8036,7707,Offline,329
3350,2024-03-13,48,South,5,3755,7955,Online,-4200
3351,2024-08-21,2,East,2,9731,6140,Online,3591
3352,2022-03-10,38,North,2,4548,1445,Offline,3103
3353,2022-07-15,32,North,7,9447,7720,Online,1727
3354,2022-05-20,40,North,7,3657,6584,Online,-2927
3355,2022-10-10,28,East,6,976,1775,Online,-799
3356,2022-11-08,37,South,1,5783,4223,Offline,1560
3357,2024-01-16,41,West,3,2859,3221,Online,-362
3358,2022-10-04,1,East,9,7905,2155,Offline,5750
3359,2022-03-02,41,West,1,8524,3524,Online,5000
3360,2022-02-21,10,South,2,1761,4264,Online,-2503
3361,2022-06-02,4,East,8,6823,6145,Online,678
3362,2023-06-28,35,South,7,6437,3679,Online,2758
3363,2023-07-21,10,West,9,2082,5979,Offline,-3897
3364,2023-09-14,47,North,4,1998,7784,Offline,-5786
3365,2022-11-10,11,North,4,9440,7996,Online,1444
3366,2024-03-17,14,West,7,9222,5715,Offline,3507
3367,2024-04-27,38,North,1,2709,5238,Offline,-2529
3368,2022-04-07,12,West,9,4563,7812,Online,-3249
3369,2024-05-30,45,East,2,7728,1904,Online,5824
3370,2024-04-08,17,East,1,9800,7040,Online,2760
3371,2022-05-17,16,East,7,6166,5701,Online,465
3372,2024-10-26,35,North,6,9181,3579,Online,5602
3373,2024-10-07,2,South,3,8696,5347,Online,3349
3374,2022-04-19,11,North,1,8767,851,Offline,7916
3375,2023-07-01,41,North,5,5872,2304,Online,3568
3376,2024-11-28,3,South,4,6650,5515,Online,1135
3377,2023-10-24,29,South,5,972,7919,Online,-6947
3378,2023-03-01,18,South,1,1337,6417,Offline,-5080
3379,2023-09-22,20,South,1,9294,6816,Online,2478
3380,2022-09-18,47,North,5,1686,7091,Offline,-5405
3381,2022-03-28,14,West,6,6961,5492,Offline,1469
3382,2023-04-10,34,East,5,1981,2136,Offline,-155
3383,2022-03-17,49,West,2,8199,6204,Online,1995
3384,2023-04-16,31,North,9,7832,6100,Offline,1732
3385,2023-02-18,40,South,5,731,6776,Online,-6045
3386,2024-04-04,42,East,5,827,6836,Online,-6009
3387,2024-06-13,18,East,9,6881,7573,Online,-692
3388,2023-12-27,30,West,3,5739,1424,Online,4315
3389,2023-04-02,25,North,5,1449,1682,Offline,-233
3390,2023-10-15,19,North,5,7538,2070,Online,5468
3391,2023-11-03,8,North,2,8548,4163,Offline,4385
3392,2023-05-10,28,East,4,2797,3700,Offline,-903
3393,2024-12-04,8,West,2,1807,6037,Online,-4230
3394,2023-08-20,31,East,5,8889,6838,Online,2051
3395,2023-03-26,3,East,2,3279,334,Offline,2945
3396,2023-04-30,3,South,9,7818,2504,Offline,5314
3397,2023-10-08,44,West,6,3836,5299,Online,-1463
3398,2023-09-12,22,South,8,5835,3644,Online,2191
3399,2024-11-07,17,North,9,8907,3314,Online,5593
3400,2023-10-24,36,East,8,8002,4791,Offline,3211
3401,2024-01-28,17,West,5,8026,4602,Online,3424
3402,2022-10-16,14,North,5,2149,2080,Online,69
3403,2023-12-22,9,West,6,3362,1928,Online,1434
3404,2023-09-30,30,East,1,9301,7064,Online,2237
3405,2022-08-23,21,West,8,1417,1629,Offline,-212
3406,2023-02-20,12,North,2,8853,6045,Offline,2808
3407,2024-07-26,37,South,6,4637,1859,Online,2778
3408,2023-05-14,32,East,9,7847,1104,Offline,6743
3409,2024-08-31,11,South,3,5949,2809,Online,3140
3410,2023-09-26,20,East,2,6182,4647,Offline,1535
3411,2024-10-16,35,North,5,3311,1590,Offline,1721
3412,2022-04-25,47,East,9,3921,7310,Online,-3389
3413,2024-07-20,46,South,6,4715,4604,Online,111
3414,2023-11-05,11,East,8,9790,5350,Online,4440
3415,2024-10-31,8,North,8,3221,2886,Online,335
3416,2022-07-25,4,East,7,8814,6423,Offline,2391
3417,2022-09-04,27,South,5,3753,5230,Online,-1477
3418,2024-01-28,44,North,2,1288,2850,Online,-1562
3419,2022-05-27,40,South,5,756,1255,Online,-499
3420,2022-04-28,38,East,7,4525,4909,Online,-384
3421,2023-02-16,47,West,7,6456,879,Online,5577
3422,2022-12-29,30,South,2,7241,2237,Online,5004
3423,2022-05-17,44,East,7,4154,5567,Offline,-1413
3424,2024-08-15,48,West,6,8160,2297,Online,5863
3425,2022-01-19,48,West,7,3751,7283,Offline,-3532
3426,2022-07-14,27,North,8,5768,1965,Online,3803
3427,2022-11-26,21,West,4,7676,7429,Offline,247
3428,2022-06-24,20,South,1,8062,2430,Offline,5632
3429,2024-09-28,4,South,8,9299,7509,Offline,1790
3430,2023-03-25,11,West,8,4926,6599,Online,-1673
3431,2024-08-03,13,East,3,4427,4040,Offline,387
3432,2022-05-21,9,South,3,5826,2800,Online,3026
3433,2024-01-28,4,South,5,2652,1942,Offline,710
3434,2024-07-18,12,North,3,9238,7751,Online,1487
3435,2022-04-03,9,East,5,8388,5607,Online,2781
3436,2022-08-27,13,West,8,5974,5012,Offline,962
3437,2022-07-24,48,East,1,988,7067,Online,-6079
3438,2023-07-14,26,North,2,2322,1797,Offline,525
3439,2022-09-02,38,North,2,8260,4902,Offline,3358
3440,2024-04-11,42,East,4,6122,3504,Online,2618
3441,2024-07-13,13,North,9,3621,5690,Offline,-2069
3442,2022-10-22,39,North,2,4274,921,Online,3353
3443,2023-10-02,28,North,9,6946,3444,Offline,3502
3444,2024-05-05,19,East,7,3952,2251,Online,1701
3445,2022-01-17,24,North,8,9341,1759,Online,7582
3446,2022-03-12,19,West,1,9339,592,Online,8747
3447,2022-11-01,49,West,5,5981,954,Offline,5027
3448,2024-10-27,13,South,9,9072,3284,Online,5788
3449,2024-03-27,13,West,4,8333,4143,Online,4190
3450,2024-03-31,28,South,2,7617,3104,Online,4513
3451,2022-07-12,2,East,6,9891,7904,Online,1987
3452,2023-06-13,10,North,2,5387,7439,Online,-2052
3453,2022-06-20,22,West,3,3490,3014,Online,476
3454,2022-09-08,13,South,8,9799,6503,Online,3296
3455,2023-06-25,9,East,3,3947,1921,Online,2026
3456,2023-02-20,33,South,2,721,6770,Online,-6049
3457,2024-03-04,14,North,6,8118,4314,Offline,3804
3458,2022-01-25,48,West,3,7088,3553,Online,3535
3459,2023-10-30,20,East,1,1117,3146,Online,-2029
3460,2023-09-24,15,South,3,3070,5180,Online,-2110
3461,2023-05-20,32,East,6,6809,5162,Offline,1647
3462,2022-12-02,33,South,3,3255,3805,Online,-550
3463,2023-03-01,17,South,9,3290,818,Online,2472
3464,2023-05-14,24,North,7,8326,2985,Offline,5341
3465,2024-08-04,30,North,5,3809,6526,Offline,-2717
3466,2023-09-22,13,South,2,7652,327,Offline,7325
3467,2023-12-19,47,West,9,4554,565,Online,3989
3468,2022-12-05,48,East,5,7556,1606,Online,5950
3469,2023-10-21,16,East,7,7924,6840,Online,1084
3470,2024-08-19,2,North,9,8181,7405,Online,776
3471,2023-03-05,17,West,4,7008,4353,Offline,2655
3472,2024-06-17,32,South,9,724,7206,Offline,-6482
3473,2022-05-19,43,North,1,7639,5375,Online,2264
3474,2024-07-30,8,South,6,8636,6119,Offline,2517
3475,2023-06-26,3,South,2,3850,3754,Online,96
3476,2022-02-26,12,North,8,4327,1110,Online,3217
3477,2023-10-20,20,West,5,1903,4976,Online,-3073
3478,2023-03-11,16,East,3,4712,3690,Online,1022
3479,2023-01-19,14,North,2,909,6257,Offline,-5348
3480,2023-07-14,16,West,8,2416,910,Offline,1506
3481,2022-07-13,49,South,7,4567,4588,Online,-21
3482,2023-06-18,43,North,9,3359,2574,Online,785
3483,2023-06-02,49,East,8,7572,4846,Offline,2726
3484,2023-12-17,33,East,4,2551,5601,Offline,-3050
3485,2024-01-21,30,South,2,4201,5327,Online,-1126
3486,2022-07-04,12,North,2,8714,5746,Offline,2968
3487,2022-10-19,15,East,2,3468,6024,Offline,-2556
3488,2024-01-02,18,North,6,9436,7098,Offline,2338
3489,2022-04-26,28,East,7,1101,502,Online,599
3490,2024-04-04,23,South,6,8434,701,Offline,7733
3491,2024-12-08,14,South,2,5774,2327,Offline,3447
3492,2023-11-16,30,North,4,2342,6063,Offline,-3721
3493,2022-03-23,33,West,3,3162,6915,Offline,-3753
3494,2024-04-13,45,West,4,9174,4150,Offline,5024
3495,2022-11-29,15,South,5,4536,6065,Online,-1529
3496,2023-07-11,7,East,7,3139,1189,Offline,1950
3497,2022-12-01,15,West,9,6026,478,Offline,5548
3498,2023-06-16,42,South,2,5868,6117,Offline,-249
3499,2022-08-09,46,East,8,7643,2279,Offline,5364
3500,2023-09-27,38,East,3,6603,7485,Online,-882
3501,2022-11-19,46,West,9,4325,2810,Online,1515
3502,2022-01-03,44,South,4,6170,3182,Online,2988
3503,2022-07-25,11,East,3,5296,4284,Offline,1012
3504,2022-02-09,29,East,6,4108,7052,Offline,-2944
3505,2022-02-28,31,North,9,7378,5965,Online,1413
3506,2024-08-08,25,North,7,1518,5321,Online,-3803
3507,2023-07-28,24,West,4,5849,5822,Online,27
3508,2023-10-06,19,North,3,5260,2344,Online,2916
3509,2024-04-22,2,South,4,1811,5812,Online,-4001
3510,2023-09-11,22,West,3,3000,3283,Online,-283
3511,2022-04-06,20,West,3,3167,6743,Offline,-3576
3512,2024-06-16,33,North,9,6534,650,Offline,5884
3513,2024-12-21,8,East,4,5730,4582,Online,1148
3514,2023-07-15,25,South,9,9836,3718,Offline,6118
3515,2024-06-23,46,South,5,5334,7066,Offline,-1732
3516,2022-12-14,9,South,7,2046,5828,Online,-3782
3517,2023-11-02,34,West,5,2645,4130,Online,-1485
3518,2022-11-13,23,South,1,2663,6514,Offline,-3851
3519,2023-12-20,5,East,2,3512,2267,Offline,1245
3520,2024-12-07,25,East,5,4944,7794,Offline,-2850
3521,2022-09-07,8,North,6,3923,7679,Online,-3756
3522,2022-11-10,16,South,7,7679,4704,Offline,2975
3523,2024-03-17,48,West,2,4059,7575,Online,-3516
3524,2023-04-30,45,North,9,3186,2524,Online,662
3525,2022-02-13,15,East,6,2832,4822,Offline,-1990
3526,2023-07-25,1,South,2,6566,3087,Online,3479
3527,2023-08-06,22,East,2,2156,4926,Online,-2770
3528,2024-06-13,3,North,3,7279,6861,Online,418
3529,2022-08-08,38,East,1,6538,4643,Offline,1895
3530,2024-07-13,14,South,9,9236,6652,Offline,2584
3531,2023-02-05,36,South,4,9083,4611,Offline,4472
3532,2023-12-28,18,North,5,5789,5108,Online,681
3533,2024-09-17,47,South,7,6720,737,Offline,5983
3534,2024-06-17,41,East,1,796,6188,Online,-5392
3535,2024-05-07,18,East,3,6973,6037,Offline,936
3536,2024-03-14,3,West,3,1586,2658,Online,-1072
3537,2023-05-05,10,West,2,6859,4154,Offline,2705
3538,2024-07-26,49,West,8,5694,682,Offline,5012
3539,2024-04-23,39,East,5,6305,5376,Online,929
3540,2022-09-24,47,East,1,7222,5690,Online,1532
3541,2022-02-23,1,North,2,9808,4516,Offline,5292
3542,2023-06-12,27,West,1,9768,706,Offline,9062
3543,2023-09-08,27,East,6,995,4640,Online,-3645
3544,2024-12-18,11,North,9,3495,365,Offline,3130
3545,2024-11-29,49,East,7,593,3289,Online,-2696
3546,2024-08-12,5,North,5,4824,527,Online,4297
3547,2023-01-21,7,West,3,6893,5277,Online,1616
3548,2024-01-04,19,West,8,6010,2484,Online,3526
3549,2023-12-17,29,West,4,1220,2541,Online,-1321
3550,2023-10-12,15,East,9,5575,5101,Online,474
3551,2022-10-27,35,East,5,6825,5053,Online,1772
3552,2023-01-30,47,North,6,5599,7100,Online,-1501
3553,2023-08-16,37,South,5,4526,1812,Online,2714
3554,2023-05-29,12,South,7,5557,7821,Online,-2264
3555,2023-01-31,30,West,7,7310,1229,Online,6081
3556,2023-01-06,20,South,1,1606,4336,Online,-2730
3557,2024-05-07,37,West,2,5805,6123,Online,-318
3558,2024-03-01,3,North,7,8234,2903,Online,5331
3559,2023-10-20,9,South,8,7174,1480,Online,5694
3560,2024-01-06,41,South,4,9114,5353,Online,3761
3561,2023-01-19,39,West,6,2505,7943,Offline,-5438
3562,2022-03-03,26,North,3,5761,1339,Offline,4422
3563,2023-05-20,2,South,7,1263,1401,Online,-138
3564,2022-08-27,23,South,3,9589,2399,Offline,7190
3565,2022-07-14,23,South,7,9644,813,Offline,8831
3566,2023-11-09,21,North,8,6191,7971,Offline,-1780
3567,2022-03-02,16,North,3,7559,5139,Online,2420
3568,2024-09-16,9,South,2,4979,3432,Online,1547
3569,2023-11-16,13,West,6,4698,7599,Online,-2901
3570,2022-06-05,28,West,4,9591,5801,Offline,3790
3571,2024-07-11,27,South,8,4523,2132,Offline,2391
3572,2024-05-17,17,North,2,4705,7135,Online,-2430
3573,2024-06-21,38,South,4,4141,4938,Offline,-797
3574,2024-09-25,36,North,2,4043,2757,Offline,1286
3575,2024-09-01,1,South,2,6091,2502,Online,3589
3576,2023-01-23,18,North,2,7743,2980,Offline,4763
3577,2024-06-05,9,East,1,6616,2398,Offline,4218
3578,2024-04-17,13,West,4,6833,7467,Online,-634
3579,2022-12-06,40,East,2,1261,7437,Offline,-6176
3580,2022-07-23,45,West,9,2907,3466,Online,-559
3581,2022-06-10,15,North,9,1385,6107,Online,-4722
3582,2023-01-27,43,East,7,6722,7990,Online,-1268
3583,2024-02-08,44,West,6,3143,2227,Online,916
3584,2023-07-29,46,South,3,9927,6967,Online,2960
3585,2023-06-18,4,North,7,5610,4750,Online,860
3586,2024-12-29,33,North,1,1968,3416,Online,-1448
3587,2024-06-11,24,South,9,6792,7245,Offline,-453
3588,2023-02-09,36,South,4,8701,5624,Online,3077
3589,2023-08-31,41,West,6,6161,6150,Offline,11
3590,2024-04-07,10,North,6,9483,3187,Offline,6296
3591,2023-11-21,36,West,3,6563,7898,Online,-1335
3592,2024-06-20,20,South,4,7515,6699,Offline,816
3593,2022-02-25,41,North,3,6823,4643,Online,2180
3594,2023-01-01,45,South,6,9435,4928,Online,4507
3595,2023-03-31,44,West,1,2928,6484,Online,-3556
3596,2022-04-14,11,West,8,9808,3830,Online,5978
3597,2022-03-18,12,West,8,7608,1089,Online,6519
3598,2022-08-18,18,North,9,1854,1600,Online,254
3599,2022-11-27,30,South,6,6327,2247,Offline,4080
3600,2024-06-11,44,South,1,2980,2542,Offline,438
3601,2023-11-19,48,West,3,1686,1394,Offline,292
3602,2022-01-27,37,West,1,7409,7737,Offline,-328
3603,2022-10-26,20,West,5,4587,1658,Offline,2929
3604,2024-08-14,25,West,3,6728,3956,Online,2772
3605,2024-03-09,12,East,2,3331,607,Offline,2724
3606,2023-04-25,21,East,3,4161,1750,Online,2411
3607,2023-07-27,25,East,9,2248,7666,Online,-5418
3608,2023-04-03,11,West,8,8434,2423,Online,6011
3609,2022-12-31,9,West,3,9806,5182,Online,4624
3610,2024-05-08,50,South,2,8052,3142,Online,4910
3611,2022-12-17,25,North,5,3764,5944,Online,-2180
3612,2022-09-10,35,South,1,5872,6294,Online,-422
3613,2024-02-20,32,East,4,6274,1964,Offline,4310
3614,2024-03-13,49,South,8,5863,6673,Online,-810
3615,2024-10-08,14,West,1,8391,6528,Online,1863
3616,2023-04-04,1,East,5,7350,5581,Offline,1769
3617,2024-07-05,17,East,4,1563,6840,Offline,-5277
3618,2023-05-14,25,North,6,7159,4248,Online,2911
3619,2024-08-07,8,North,7,4248,1694,Offline,2554
3620,2023-05-23,5,East,9,5045,4372,Online,673
3621,2023-05-16,5,East,1,3232,3934,Online,-702
3622,2024-03-13,41,South,4,2372,514,Online,1858
3623,2023-08-21,35,East,6,5220,3372,Online,1848
3624,2022-06-15,19,West,7,2469,4354,Offline,-1885
3625,2023-04-07,23,South,7,9576,4772,Offline,4804
3626,2024-07-08,9,West,8,818,2759,Offline,-1941
3627,2022-04-24,30,West,8,4217,4006,Online,211
3628,2024-09-18,50,West,8,5991,7243,Online,-1252
3629,2022-07-26,16,East,8,1874,3571,Offline,-1697
3630,2023-05-30,33,North,8,5942,1506,Offline,4436
3631,2023-12-10,2,North,6,9179,709,Online,8470
3632,2022-05-18,14,West,9,950,3769,Offline,-2819
3633,2022-12-05,46,East,3,9044,515,Offline,8529
3634,2023-06-21,1,South,6,7680,5147,Online,2533
3635,2022-03-09,26,West,5,2440,648,Offline,1792
3636,2023-01-18,25,South,8,2867,3951,Online,-1084
3637,2022-01-19,16,South,4,8387,3178,Offline,5209
3638,2023-11-14,15,East,4,747,3965,Offline,-3218
3639,2022-03-15,26,East,5,4003,5049,Online,-1046
3640,2023-07-27,47,North,6,9259,3369,Online,5890
3641,2024-07-27,44,North,4,9375,4294,Online,5081
3642,2024-12-07,16,East,2,9335,3412,Online,5923
3643,2022-07-30,14,West,2,978,6170,Online,-5192
3644,2024-05-04,29,North,3,3260,302,Online,2958
3645,2023-10-13,24,South,2,8468,1417,Offline,7051
3646,2024-09-20,47,West,1,6440,1382,Offline,5058
3647,2023-11-26,15,South,8,4952,7183,Online,-2231
3648,2023-06-24,19,East,5,1868,4802,Online,-2934
3649,2024-06-19,8,South,1,2726,6461,Online,-3735
3650,2024-02-19,34,West,9,4112,1817,Offline,2295
3651,2022-06-19,2,East,8,6062,5146,Offline,916
3652,2024-11-03,27,West,4,1559,2195,Offline,-636
3653,2022-10-15,10,South,8,2144,3879,Offline,-1735
3654,2022-07-08,35,West,7,5765,2933,Online,2832
3655,2024-07-02,23,East,7,2311,5283,Offline,-2972
3656,2023-11-25,49,South,1,2693,2679,Offline,14
3657,2024-06-06,8,South,6,667,1312,Offline,-645
3658,2023-04-16,28,North,4,7942,4564,Online,3378
3659,2022-10-04,23,North,2,4682,3123,Offline,1559
3660,2024-07-28,4,West,7,8845,6091,Online,2754
3661,2023-07-25,14,North,9,3044,1148,Offline,1896
3662,2024-05-06,42,North,5,4368,2004,Offline,2364
3663,2024-09-27,29,North,8,9006,5336,Offline,3670
3664,2023-04-03,1,North,5,6450,4393,Online,2057
3665,2024-07-06,4,East,7,9414,505,Offline,8909
3666,2024-04-12,32,East,7,2809,2192,Offline,617
3667,2024-12-23,33,North,9,7130,820,Online,6310
3668,2024-04-18,49,West,3,7186,3876,Offline,3310
3669,2022-07-12,26,East,1,2523,5413,Offline,-2890
3670,2023-09-08,17,North,2,849,7813,Offline,-6964
3671,2023-02-10,39,East,6,9515,2651,Offline,6864
3672,2024-07-31,23,South,9,9129,6558,Offline,2571
3673,2023-12-22,32,East,3,8860,7107,Online,1753
3674,2022-04-03,15,East,2,8453,2434,Offline,6019
3675,2023-03-06,13,West,1,3801,7562,Offline,-3761
3676,2023-10-16,2,East,2,4618,5138,Online,-520
3677,2023-03-10,19,West,3,7319,2775,Online,4544
3678,2023-01-10,24,South,7,3269,6117,Offline,-2848
3679,2024-12-18,45,North,2,4999,4845,Offline,154
3680,2024-12-02,24,West,5,2680,1085,Offline,1595
3681,2022-07-26,11,East,2,3845,7158,Online,-3313
3682,2024-02-19,22,East,7,3165,4397,Offline,-1232
3683,2023-06-16,15,West,8,8923,5497,Online,3426
3684,2022-06-15,10,South,8,9750,5743,Online,4007
3685,2023-10-05,41,North,8,3042,3090,Online,-48
3686,2022-03-31,27,East,9,9825,5517,Offline,4308
3687,2022-01-13,9,South,1,5940,2457,Offline,3483
3688,2024-08-30,28,North,1,8648,978,Offline,7670
3689,2024-03-15,1,North,2,7610,3828,Online,3782
3690,2024-08-02,17,East,6,4380,3859,Offline,521
3691,2024-01-12,31,West,1,3237,6228,Offline,-2991
3692,2024-05-25,44,East,5,2931,670,Online,2261
3693,2023-10-22,10,East,5,1887,7804,Online,-5917
3694,2024-10-28,37,East,4,3865,3237,Online,628
3695,2024-11-18,29,South,5,2939,7042,Online,-4103
3696,2022-10-23,18,West,1,1816,5441,Online,-3625
3697,2024-09-12,47,South,6,5704,1021,Offline,4683
3698,2024-07-14,38,East,7,5504,4700,Online,804
3699,2023-10-02,39,West,8,1184,1223,Offline,-39
3700,2022-12-06,49,North,2,6940,5691,Online,1249
3701,2023-09-20,6,West,7,3587,7957,Offline,-4370
3702,2023-03-15,40,East,6,2613,1135,Offline,1478
3703,2024-07-30,12,West,9,1457,2793,Online,-1336
3704,2024-04-09,14,North,8,6278,3279,Online,2999
3705,2023-06-03,44,North,4,8579,2625,Offline,5954
3706,2024-09-02,10,West,9,6528,4224,Online,2304
3707,2024-12-04,20,North,1,6200,2724,Online,3476
3708,2024-08-12,15,South,6,3594,6675,Online,-3081
3709,2024-08-09,31,West,8,3307,7035,Online,-3728
3710,2024-08-01,7,North,4,8082,4821,Online,3261
3711,2022-06-04,41,North,2,9512,3426,Online,6086
3712,2022-03-29,10,West,2,1387,6388,Online,-5001
3713,2024-07-19,10,South,1,6515,6222,Online,293
3714,2022-06-28,48,West,5,5924,6884,Offline,-960
3715,2022-07-31,39,North,6,4493,6477,Offline,-1984
3716,2023-04-10,28,West,4,3584,2676,Online,908
3717,2023-09-23,30,North,4,1375,7288,Online,-5913
3718,2024-04-04,37,East,5,5769,753,Offline,5016
3719,2023-08-30,3,West,5,8008,3759,Online,4249
3720,2024-06-03,50,West,9,4496,5159,Online,-663
3721,2023-01-01,43,North,8,1056,3801,Online,-2745
3722,2022-10-03,15,North,9,5793,3847,Online,1946
3723,2023-01-15,21,North,3,9400,1448,Offline,7952
3724,2024-08-02,37,North,3,1217,822,Online,395
3725,2024-12-23,12,West,1,4165,4877,Offline,-712
3726,2024-03-20,4,North,6,7047,6760,Online,287
3727,2024-07-13,47,West,4,5696,421,Offline,5275
3728,2023-05-09,9,South,8,2519,3918,Offline,-1399
3729,2024-12-30,39,West,2,8982,4976,Offline,4006
3730,2022-12-30,42,North,2,2683,7780,Online,-5097
3731,2023-07-24,28,North,7,4379,6930,Online,-2551
3732,2024-02-02,23,South,5,3436,4022,Online,-586
3733,2022-10-03,45,West,1,7191,3383,Offline,3808
3734,2022-02-19,40,South,7,7545,2472,Online,5073
3735,2023-12-29,44,West,7,3313,6230,Online,-2917
3736,2024-06-24,22,North,6,1737,3006,Offline,-1269
3737,2024-07-16,24,West,4,5341,5496,Online,-155
3738,2023-07-18,26,North,8,3543,7023,Offline,-3480
3739,2024-02-22,30,North,2,6972,5113,Online,1859
3740,2023-04-30,33,East,2,3587,3607,Offline,-20
3741,2023-08-07,16,East,2,4058,3942,Offline,116
3742,2022-08-24,22,West,3,5793,3117,Offline,2676
3743,2022-02-25,49,North,6,9390,7721,Offline,1669
3744,2022-12-26,50,South,1,3353,7347,Offline,-3994
3745,2022-04-20,43,North,2,2345,4801,Offline,-2456
3746,2022-07-11,18,South,2,6862,5662,Offline,1200
3747,2024-06-22,7,West,1,7156,1784,Online,5372
3748,2024-05-11,50,West,3,8066,576,Offline,7490
3749,2023-07-22,26,South,7,3682,5888,Online,-2206
3750,2024-12-19,8,South,1,963,7687,Online,-6724
3751,2023-10-12,6,North,7,4360,1548,Online,2812
3752,2022-02-08,30,West,5,6260,7368,Offline,-1108
3753,2024-12-08,39,North,9,7760,1424,Online,6336
3754,2023-09-29,23,South,2,950,3201,Offline,-2251
3755,2024-11-02,32,East,1,2415,1957,Online,458
3756,2022-02-05,22,East,9,9615,2053,Offline,7562
3757,2022-04-11,42,East,8,4122,4902,Offline,-780
3758,2022-06-15,43,South,6,7576,3958,Online,3618
3759,2023-01-18,45,North,5,815,3702,Offline,-2887
3760,2024-02-29,9,West,8,5266,4632,Online,634
3761,2022-01-31,31,South,8,5293,7437,Offline,-2144
3762,2022-01-11,7,East,5,1876,7806,Offline,-5930
3763,2022-04-06,9,North,7,3315,1051,Online,2264
3764,2023-03-29,13,West,1,1762,6949,Offline,-5187
3765,2022-07-11,3,West,4,9819,464,Online,9355
3766,2023-05-01,35,South,2,3425,7289,Online,-3864
3767,2022-08-26,33,South,3,9744,1992,Online,7752
3768,2024-12-24,21,West,1,3968,2256,Offline,1712
3769,2024-01-05,31,West,2,4521,4160,Online,361
3770,2024-09-17,34,East,1,4909,3075,Online,1834
3771,2024-04-04,32,West,8,1047,3589,Online,-2542
3772,2022-04-16,35,South,4,5391,2068,Online,3323
3773,2022-06-30,15,North,3,4023,2723,Offline,1300
3774,2022-07-03,32,East,1,7542,7479,Offline,63
3775,2022-08-14,6,East,2,6105,5851,Online,254
3776,2024-02-16,45,West,3,606,6526,Online,-5920
3777,2024-02-29,21,North,3,9548,4826,Online,4722
3778,2023-11-19,33,East,6,3484,3996,Online,-512
3779,2023-06-14,32,South,8,5968,6921,Online,-953
3780,2024-08-29,19,West,6,6352,1082,Online,5270
3781,2024-07-24,33,South,2,1750,4078,Offline,-2328
3782,2022-04-16,28,West,2,7239,6812,Online,427
3783,2024-04-10,31,East,7,6632,1254,Online,5378
3784,2023-11-10,21,West,1,2111,2292,Online,-181
3785,2024-04-28,34,North,1,8428,1959,Online,6469
3786,2024-11-21,15,South,7,2290,440,Online,1850
3787,2023-01-28,14,North,9,7717,1019,Online,6698
3788,2022-02-09,19,South,5,1367,1950,Offline,-583
3789,2023-10-22,43,South,1,3269,7923,Offline,-4654
3790,2024-09-07,15,West,5,827,3873,Online,-3046
3791,2024-04-24,6,East,1,4316,3774,Offline,542
3792,2022-07-20,9,East,9,3648,6372,Online,-2724
3793,2023-03-23,37,North,4,7276,1315,Offline,5961
3794,2024-11-27,20,West,9,3055,4683,Online,-1628
3795,2023-03-20,34,East,2,9822,6798,Online,3024
3796,2024-01-31,38,South,7,4836,642,Online,4194
3797,2022-08-15,26,South,2,2982,6592,Offline,-3610
3798,2022-02-17,18,West,4,3599,6653,Offline,-3054
3799,2024-11-07,28,North,6,6286,3483,Online,2803
3800,2024-06-30,9,West,2,7232,3001,Online,4231
3801,2022-07-06,32,North,2,8485,1275,Offline,7210
3802,2022-12-11,6,West,2,6554,2883,Online,3671
3803,2022-08-12,14,South,3,1068,3420,Online,-2352
3804,2024-04-09,28,West,5,2154,2123,Online,31
3805,2023-05-03,24,East,9,7632,4726,Offline,2906
3806,2024-05-26,13,East,6,4233,4760,Offline,-527
3807,2024-04-28,43,West,9,3729,310,Online,3419
3808,2024-09-05,12,North,5,7311,7655,Online,-344
3809,2024-10-13,19,North,6,8842,4904,Offline,3938
3810,2022-07-07,21,South,8,2295,2927,Online,-632
3811,2022-09-27,27,South,3,7039,1768,Online,5271
3812,2022-11-06,19,North,2,9040,1413,Online,7627
3813,2024-12-31,24,West,3,6714,921,Online,5793
3814,2024-04-24,26,South,9,9088,1200,Offline,7888
3815,2023-05-01,45,North,6,6645,4047,Online,2598
3816,2022-04-30,28,North,4,3109,4364,Online,-1255
3817,2022-08-08,46,West,3,9850,1771,Online,8079
3818,2022-02-22,18,East,2,8837,7161,Offline,1676
3819,2024-01-28,44,North,4,2726,3403,Offline,-677
3820,2024-01-08,36,South,9,8955,626,Offline,8329
3821,2023-12-21,42,West,4,6430,373,Online,6057
3822,2023-02-10,29,West,5,7342,550,Online,6792
3823,2023-08-31,17,West,8,3580,2797,Online,783
3824,2024-10-17,4,East,2,1487,5301,Offline,-3814
3825,2023-02-26,44,East,3,1860,2702,Offline,-842
3826,2023-12-13,45,South,6,7550,4928,Online,2622
3827,2022-09-04,29,South,7,8046,595,Online,7451
3828,2022-03-13,4,West,4,2226,597,Offline,1629
3829,2022-07-04,10,South,1,1407,5747,Online,-4340
3830,2022-01-06,25,North,7,9875,601,Online,9274
3831,2024-06-24,31,East,9,3324,4907,Online,-1583
3832,2023-01-22,3,West,1,9950,7805,Offline,2145
3833,2023-11-30,47,West,1,8525,884,Online,7641
3834,2024-04-06,2,North,1,8890,6817,Offline,2073
3835,2022-12-15,25,North,7,9748,3924,Online,5824
3836,2022-11-04,49,North,9,2955,5513,Offline,-2558
3837,2022-10-14,6,North,3,5708,6575,Offline,-867
3838,2024-02-05,26,West,8,8274,1934,Offline,6340
3839,2023-12-26,8,East,9,3865,5305,Online,-1440
3840,2024-02-01,35,East,3,9952,6329,Online,3623
3841,2023-01-18,27,North,3,5779,352,Online,5427
3842,2023-01-23,25,South,1,6451,5915,Offline,536
3843,2023-06-09,18,West,2,7197,2576,Offline,4621
3844,2023-10-01,1,East,7,9269,2987,Online,6282
3845,2024-07-26,48,North,3,7176,7679,Offline,-503
3846,2022-10-03,39,South,7,1520,3144,Offline,-1624
3847,2023-05-15,3,South,5,4344,5186,Online,-842
3848,2023-12-18,4,North,8,4073,5923,Offline,-1850
3849,2022-12-03,41,West,5,5942,4890,Online,1052
3850,2024-07-20,37,East,3,8414,5248,Online,3166
3851,2023-04-26,15,South,9,6558,3018,Offline,3540
3852,2024-06-29,8,East,7,8451,4235,Online,4216
3853,2024-12-17,38,East,5,9302,7700,Offline,1602
3854,2022-04-19,50,South,7,9020,5490,Online,3530
3855,2022-11-24,19,North,9,1046,6632,Online,-5586
3856,2022-11-11,47,South,5,9030,962,Online,8068
3857,2023-11-30,26,South,7,3681,307,Online,3374
3858,2024-02-20,39,West,9,9498,6775,Online,2723
3859,2022-06-05,10,East,1,9725,3983,Online,5742
3860,2024-06-05,38,North,4,4487,3387,Online,1100
3861,2024-10-22,14,East,1,3833,5061,Offline,-1228
3862,2024-01-28,49,South,8,3240,968,Online,2272
3863,2023-12-23,41,North,3,5401,3464,Online,1937
3864,2024-07-01,19,North,2,6208,1585,Offline,4623
3865,2024-05-20,30,North,4,2582,3920,Offline,-1338
3866,2022-01-13,5,North,3,5152,460,Online,4692
3867,2023-08-31,31,West,5,5086,2698,Offline,2388
3868,2023-05-13,7,North,8,760,3545,Online,-2785
3869,2022-08-26,19,South,8,4296,6760,Online,-2464
3870,2024-02-20,31,West,7,6482,5332,Offline,1150
3871,2023-08-29,39,South,8,1000,317,Offline,683
3872,2023-10-23,24,South,5,1515,2833,Online,-1318
3873,2024-04-28,34,East,6,8605,6810,Offline,1795
3874,2024-07-24,23,North,8,8164,4746,Online,3418
3875,2023-09-20,48,North,1,4463,2875,Online,1588
3876,2022-05-23,45,South,6,5818,5267,Offline,551
3877,2023-12-15,40,North,6,3206,5854,Online,-2648
3878,2023-04-24,6,West,5,6635,7376,Offline,-741
3879,2023-07-19,38,East,4,6281,2617,Offline,3664
3880,2023-04-16,41,North,1,2599,3218,Offline,-619
3881,2023-01-19,36,North,8,6886,5487,Online,1399
3882,2024-07-14,27,West,6,5838,1353,Online,4485
3883,2023-02-21,11,East,3,3065,615,Online,2450
3884,2022-11-04,5,West,3,8800,6240,Offline,2560
3885,2023-10-11,17,South,6,5516,5132,Online,384
3886,2024-10-21,7,South,7,8757,2511,Offline,6246
3887,2024-12-03,27,North,8,3581,7369,Offline,-3788
3888,2024-01-09,47,East,5,4797,619,Online,4178
3889,2022-05-20,15,South,6,6413,5433,Offline,980
3890,2024-08-31,46,West,1,3448,6722,Online,-3274
3891,2024-10-13,13,South,6,8905,4827,Offline,4078
3892,2024-08-10,11,South,9,6711,3015,Online,3696
3893,2024-06-22,45,West,4,1540,933,Offline,607
3894,2022-03-13,26,North,1,8488,7730,Offline,758
3895,2022-04-17,22,East,9,7973,2005,Online,5968
3896,2024-12-01,28,North,4,8059,6965,Online,1094
3897,2024-06-01,24,West,2,1487,7407,Online,-5920
3898,2022-05-19,29,South,1,3695,7639,Online,-3944
3899,2023-09-07,9,East,3,5599,6801,Online,-1202
3900,2024-05-12,42,North,7,1003,5432,Offline,-4429
3901,2022-09-30,4,West,2,5844,5120,Offline,724
3902,2023-02-20,49,South,9,9447,972,Online,8475
3903,2023-05-21,46,South,2,8648,2579,Online,6069
3904,2024-01-03,18,North,5,6510,3847,Offline,2663
3905,2023-02-28,43,West,8,1881,770,Offline,1111
3906,2023-01-25,16,South,8,6102,3531,Online,2571
3907,2022-12-08,33,South,3,7512,7082,Online,430
3908,2024-08-03,29,East,2,4226,2907,Online,1319
3909,2023-09-06,39,South,9,2387,3632,Offline,-1245
3910,2023-05-08,10,North,3,4309,2920,Offline,1389
3911,2022-07-11,9,West,8,2631,4997,Offline,-2366
3912,2023-05-14,31,West,2,2924,1682,Offline,1242
3913,2024-04-01,28,East,3,5939,6698,Online,-759
3914,2022-08-15,3,West,1,5974,7045,Online,-1071
3915,2022-05-19,14,North,6,9700,5934,Online,3766
3916,2024-05-05,25,South,7,1817,4675,Offline,-2858
3917,2024-03-27,15,East,4,7147,6560,Offline,587
3918,2024-12-22,2,West,1,3716,7053,Online,-3337
3919,2022-04-14,24,East,3,516,1485,Online,-969
3920,2024-05-20,14,East,9,5170,7295,Offline,-2125
3921,2023-10-30,48,West,5,3123,2210,Online,913
3922,2022-09-30,7,East,6,629,6409,Online,-5780
3923,2024-10-26,36,West,4,1973,6741,Offline,-4768
3924,2022-07-03,50,North,1,9641,1215,Online,8426
3925,2024-11-17,24,West,5,9760,7764,Offline,1996
3926,2022-10-20,27,South,5,4811,1917,Online,2894
3927,2022-06-26,37,West,5,3395,5777,Online,-2382
3928,2022-02-27,38,South,6,3236,1983,Online,1253
3929,2022-11-04,30,East,2,5598,6961,Offline,-1363
3930,2024-09-03,27,West,1,2446,2725,Offline,-279
3931,2023-12-01,39,South,2,6059,725,Offline,5334
3932,2022-03-24,15,West,6,9308,2087,Offline,7221
3933,2022-09-09,26,West,5,800,2884,Online,-2084
3934,2024-03-06,1,West,5,9676,4948,Offline,4728
3935,2024-06-15,4,North,6,5001,468,Online,4533
3936,2022-07-29,29,South,7,8852,814,Online,8038
3937,2024-03-26,1,North,9,6414,3735,Online,2679
3938,2023-09-01,43,North,7,6171,6102,Online,69
3939,2023-03-23,50,South,2,8717,4825,Online,3892
3940,2023-04-05,46,West,6,582,2916,Online,-2334
3941,2024-08-25,22,North,9,8864,6526,Online,2338
3942,2023-04-17,11,North,7,1498,2677,Offline,-1179
3943,2023-01-05,10,North,2,6304,990,Online,5314
3944,2024-06-18,17,West,3,7437,3504,Offline,3933
3945,2024-07-11,36,North,8,3641,2804,Online,837
3946,2022-05-17,47,East,9,3382,652,Offline,2730
3947,2023-01-02,26,South,4,7862,6787,Online,1075
3948,2024-06-30,48,East,9,3584,1417,Offline,2167
3949,2022-07-03,21,West,2,2545,1705,Online,840
3950,2023-04-17,13,North,5,9452,4239,Offline,5213
3951,2023-10-16,9,South,2,704,7205,Offline,-6501
3952,2024-01-19,11,North,1,5784,5714,Offline,70
3953,2023-06-21,11,West,5,2052,6641,Online,-4589
3954,2024-03-12,6,South,2,8316,4474,Online,3842
3955,2024-07-08,1,East,7,1324,977,Offline,347
3956,2023-05-25,6,South,8,4248,850,Offline,3398
3957,2023-09-22,13,North,2,6078,1119,Online,4959
3958,2024-09-28,22,South,7,6412,513,Online,5899
3959,2024-07-04,31,West,4,7890,1966,Online,5924
3960,2024-10-30,22,West,1,5697,5064,Online,633
3961,2022-06-01,37,South,3,9530,5384,Online,4146
3962,2024-10-25,47,West,1,5195,1193,Offline,4002
3963,2023-04-09,27,West,5,7268,4554,Offline,2714
3964,2022-09-28,50,West,8,4183,4376,Offline,-193
3965,2023-04-05,14,East,1,2461,4205,Offline,-1744
3966,2022-04-15,47,North,9,1437,3086,Online,-1649
3967,2022-06-11,5,West,3,8095,7000,Online,1095
3968,2022-12-17,36,South,5,924,2548,Offline,-1624
3969,2023-03-10,32,West,9,3551,321,Online,3230
3970,2024-05-01,34,East,5,3405,7806,Online,-4401
3971,2022-05-20,7,South,9,3194,3613,Offline,-419
3972,2022-03-28,42,North,8,4095,6160,Offline,-2065
3973,2022-07-02,48,South,7,1767,6325,Online,-4558
3974,2023-01-03,10,South,1,921,1561,Offline,-640
3975,2022-05-09,50,South,4,3766,1472,Online,2294
3976,2023-11-01,17,South,9,7517,5180,Offline,2337
3977,2022-05-29,30,West,8,2600,5998,Online,-3398
3978,2024-09-11,21,North,4,7629,2354,Offline,5275
3979,2024-05-01,13,West,1,8595,5652,Online,2943
3980,2023-09-20,1,East,4,9376,2192,Online,7184
3981,2023-03-22,1,East,3,2726,7247,Online,-4521
3982,2024-06-02,47,South,6,4888,3115,Offline,1773
3983,2022-10-21,33,West,5,2922,4974,Online,-2052
3984,2022-09-07,38,West,5,7726,5496,Online,2230
3985,2024-05-27,25,North,2,9769,4884,Offline,4885
3986,2024-08-05,26,North,3,7816,5321,Offline,2495
3987,2024-09-01,13,North,6,3343,6530,Online,-3187
3988,2024-11-14,28,West,2,4611,2087,Online,2524
3989,2024-02-28,33,North,4,6159,2290,Offline,3869
3990,2024-09-10,37,North,2,2403,4617,Offline,-2214
3991,2024-06-07,41,North,9,4724,2760,Online,1964
3992,2024-06-08,30,South,3,5479,2931,Online,2548
3993,2022-03-11,49,East,6,5863,6645,Offline,-782
3994,2023-09-17,48,East,1,925,7014,Online,-6089
3995,2024-05-24,8,West,3,2901,7743,Online,-4842
3996,2023-04-16,49,West,8,9441,2568,Online,6873
3997,2022-04-01,47,South,5,7748,6600,Offline,1148
3998,2023-06-14,1,East,8,543,7648,Offline,-7105
3999,2023-10-23,12,North,2,6798,6144,Online,654
4000,2024-01-09,5,North,7,5542,2476,Online,3066
4001,2023-12-27,24,West,9,2059,5662,Online,-3603
4002,2024-05-21,6,East,7,6535,5591,Offline,944
4003,2022-07-11,25,West,3,7571,5922,Online,1649
4004,2022-05-18,1,West,7,4694,5899,Offline,-1205
4005,2022-12-11,25,North,8,4451,1176,Online,3275
4006,2024-10-05,1,North,1,647,6713,Offline,-6066
4007,2023-05-18,32,East,3,2670,3792,Online,-1122
4008,2022-07-22,42,West,5,8803,4558,Offline,4245
4009,2023-07-27,42,South,6,5618,1254,Offline,4364
4010,2022-07-11,3,East,3,7655,4419,Online,3236
4011,2022-01-05,49,West,4,7797,6940,Offline,857
4012,2022-11-07,19,East,5,4663,4588,Online,75
4013,2023-07-03,43,East,3,8526,1177,Offline,7349
4014,2022-02-25,29,East,4,9519,4785,Online,4734
4015,2023-03-19,50,South,5,8567,2844,Offline,5723
4016,2024-05-19,2,South,2,3439,5359,Offline,-1920
4017,2023-08-08,9,North,9,6227,7249,Online,-1022
4018,2024-01-22,17,North,8,8564,2476,Offline,6088
4019,2022-12-26,46,West,6,4116,7464,Online,-3348
4020,2024-03-29,36,East,3,5905,2900,Online,3005
4021,2022-01-30,17,West,2,7785,3407,Online,4378
4022,2022-04-18,49,North,7,8851,3828,Offline,5023
4023,2024-04-23,12,South,8,6380,2708,Offline,3672
4024,2023-12-18,20,North,1,1513,5160,Offline,-3647
4025,2024-06-09,50,West,6,9243,2273,Online,6970
4026,2024-08-17,3,North,7,7891,4248,Online,3643
4027,2024-06-11,43,West,9,1675,1538,Offline,137
4028,2024-01-02,50,West,3,9855,2634,Online,7221
4029,2023-08-29,4,West,2,5747,1067,Offline,4680
4030,2023-04-02,17,West,5,8018,7368,Offline,650
4031,2023-09-07,50,North,1,6790,2716,Online,4074
4032,2023-11-29,37,West,6,1808,5888,Online,-4080
4033,2023-11-05,46,West,9,9933,5294,Online,4639
4034,2023-06-27,42,East,9,5327,7653,Online,-2326
4035,2024-05-06,15,West,7,5764,3845,Offline,1919
4036,2024-06-15,33,North,7,2277,5480,Online,-3203
4037,2022-10-05,16,West,8,559,2609,Online,-2050
4038,2023-07-06,11,South,2,7486,5183,Online,2303
4039,2022-04-21,20,South,6,8360,4506,Offline,3854
4040,2023-01-20,38,West,5,9027,6248,Online,2779
4041,2024-01-31,24,South,5,9522,7385,Online,2137
4042,2023-11-25,16,South,3,2092,4536,Offline,-2444
4043,2023-02-09,30,North,3,4880,1044,Offline,3836
4044,2022-01-22,34,East,6,6597,2882,Offline,3715
4045,2023-11-09,1,South,7,6958,4474,Online,2484
4046,2023-09-03,24,South,1,9651,1817,Offline,7834
4047,2022-01-08,24,East,3,6217,7498,Offline,-1281
4048,2023-12-03,9,East,1,4666,7983,Online,-3317
4049,2023-06-13,22,South,3,6988,2856,Online,4132
4050,2023-08-25,12,West,5,8657,5366,Offline,3291
4051,2023-10-19,17,South,9,9813,4461,Online,5352
4052,2022-06-15,25,West,3,5919,5929,Online,-10
4053,2024-04-28,28,West,9,9790,4283,Offline,5507
4054,2023-05-11,15,West,1,8834,1694,Online,7140
4055,2023-08-13,30,East,6,1546,586,Online,960
4056,2023-03-05,27,South,9,9760,3547,Offline,6213
4057,2024-02-13,22,South,5,8136,4518,Offline,3618
4058,2022-06-12,10,North,2,4687,7698,Online,-3011
4059,2023-01-01,31,East,5,3840,2902,Offline,938
4060,2022-03-13,27,North,1,6677,5399,Offline,1278
4061,2023-10-17,12,North,9,5273,303,Online,4970
4062,2022-09-26,46,West,9,3935,6235,Online,-2300
4063,2023-02-19,31,East,6,7800,711,Online,7089
4064,2024-10-12,32,North,9,7402,4645,Offline,2757
4065,2023-11-06,32,South,3,6299,4027,Offline,2272
4066,2024-12-19,41,North,4,1465,5906,Online,-4441
4067,2022-01-06,45,East,6,7944,7812,Online,132
4068,2024-09-08,35,South,4,9871,2217,Online,7654
4069,2023-07-24,46,South,1,7178,1656,Online,5522
4070,2023-02-11,21,South,7,1000,6896,Offline,-5896
4071,2022-01-26,10,West,5,5054,457,Offline,4597
4072,2024-10-25,16,South,8,549,1900,Offline,-1351
4073,2024-09-12,7,West,9,9661,3184,Offline,6477
4074,2023-01-25,4,West,5,1487,7457,Offline,-5970
4075,2023-12-11,27,North,8,7271,7737,Offline,-466
4076,2023-07-25,25,North,1,1615,6006,Online,-4391
4077,2024-01-24,31,South,1,4432,3789,Offline,643
4078,2022-05-26,11,East,7,4934,5859,Offline,-925
4079,2024-02-24,48,South,6,4067,7496,Offline,-3429
4080,2023-06-10,20,North,5,2158,5373,Offline,-3215
4081,2022-01-13,36,South,5,8444,2682,Online,5762
4082,2024-06-21,17,North,9,6300,5657,Online,643
4083,2023-01-19,45,South,1,4876,452,Offline,4424
4084,2023-07-10,11,East,8,8517,1929,Online,6588
4085,2024-06-05,30,South,2,3315,3096,Online,219
4086,2022-01-19,35,East,7,1470,3181,Online,-1711
4087,2023-07-29,41,East,6,8320,7582,Online,738
4088,2024-01-21,38,South,2,6012,7251,Offline,-1239
4089,2024-09-30,22,East,3,707,4102,Offline,-3395
4090,2023-02-23,43,East,4,759,3105,Offline,-2346
4091,2023-02-23,48,North,7,5525,4380,Offline,1145
4092,2022-05-02,27,North,8,4858,3770,Offline,1088
4093,2023-03-08,37,East,2,9474,1355,Online,8119
4094,2022-02-13,46,West,8,1004,2879,Offline,-1875
4095,2023-01-16,49,South,9,2259,4448,Offline,-2189
4096,2022-05-25,35,East,7,8014,3065,Online,4949
4097,2022-12-29,4,South,1,8260,6150,Online,2110
4098,2024-12-09,16,North,6,4294,7662,Offline,-3368
4099,2024-12-24,16,South,8,4090,1628,Online,2462
4100,2022-12-21,21,East,5,7470,4344,Offline,3126
4101,2024-03-10,26,East,2,9480,2692,Online,6788
4102,2024-04-05,36,East,5,6785,3453,Offline,3332
4103,2023-02-02,19,East,8,3829,300,Offline,3529
4104,2024-05-29,17,West,2,4512,466,Offline,4046
4105,2023-04-08,45,West,1,2592,6760,Offline,-4168
4106,2024-03-18,26,West,4,3467,3554,Online,-87
4107,2022-07-06,22,East,4,9761,5360,Offline,4401
4108,2024-01-02,28,West,9,2175,7341,Offline,-5166
4109,2023-03-05,1,South,3,4896,2185,Offline,2711
4110,2024-05-07,44,East,4,787,4668,Offline,-3881
4111,2022-08-25,36,North,3,1285,6088,Online,-4803
4112,2024-02-10,43,East,2,2816,6816,Online,-4000
4113,2024-01-28,37,South,4,3338,7829,Offline,-4491
4114,2022-05-16,2,West,8,7729,1199,Offline,6530
4115,2024-03-02,17,East,1,8637,2548,Online,6089
4116,2022-06-20,40,West,8,8618,3563,Offline,5055
4117,2022-06-08,38,East,8,1765,3712,Offline,-1947
4118,2022-07-20,21,South,3,3483,7766,Online,-4283
4119,2024-08-19,9,East,6,6401,3877,Online,2524
4120,2023-08-06,13,West,4,8431,2487,Online,5944
4121,2024-05-25,11,West,1,8643,6749,Offline,1894
4122,2023-01-06,16,South,1,8530,1519,Offline,7011
4123,2022-04-13,16,East,5,8762,3432,Offline,5330
4124,2024-09-28,2,North,8,1111,659,Offline,452
4125,2024-09-02,42,East,1,7728,6750,Online,978
4126,2024-03-08,44,South,2,4023,2339,Online,1684
4127,2023-10-20,8,North,7,6012,7947,Online,-1935
4128,2024-05-31,43,South,8,4202,6776,Online,-2574
4129,2024-01-03,42,East,3,5924,4237,Offline,1687
4130,2023-02-27,13,North,8,8882,3454,Offline,5428
4131,2023-07-26,17,South,1,2128,633,Online,1495
4132,2022-06-20,39,West,9,8407,6960,Offline,1447
4133,2022-06-22,24,North,2,3872,1030,Online,2842
4134,2023-10-25,3,North,2,8708,7367,Online,1341
4135,2023-03-29,30,South,4,9758,7209,Offline,2549
4136,2022-12-16,13,West,3,3639,1797,Offline,1842
4137,2023-05-09,19,North,4,2759,1717,Offline,1042
4138,2023-09-12,7,South,6,2750,4063,Offline,-1313
4139,2024-10-24,9,North,7,6621,2043,Offline,4578
4140,2024-07-07,19,North,5,8681,7228,Offline,1453
4141,2022-01-06,45,North,2,783,5996,Offline,-5213
4142,2022-10-15,40,West,3,6225,5799,Offline,426
4143,2023-08-31,22,East,3,8418,4416,Online,4002
4144,2023-04-02,18,East,5,5737,2273,Online,3464
4145,2024-10-26,23,West,5,9294,1178,Offline,8116
4146,2023-09-16,2,West,4,4575,4572,Offline,3
4147,2023-01-11,50,South,8,6662,5782,Online,880
4148,2023-03-23,50,North,6,8136,6465,Online,1671
4149,2024-04-14,11,West,6,6237,3184,Online,3053
4150,2024-03-21,31,South,1,9492,3307,Online,6185
4151,2024-08-16,33,East,6,9451,2895,Offline,6556
4152,2024-04-28,14,East,3,8502,2597,Online,5905
4153,2024-03-19,16,East,6,7572,960,Online,6612
4154,2024-09-05,11,East,6,1993,7395,Online,-5402
4155,2023-02-20,33,South,2,9506,3444,Online,6062
4156,2023-12-27,7,North,1,872,3462,Offline,-2590
4157,2023-03-30,31,South,3,6087,5595,Online,492
4158,2022-05-30,48,North,5,7571,4521,Offline,3050
4159,2024-01-29,46,East,4,3391,7671,Offline,-4280
4160,2024-02-18,47,West,7,7086,4285,Offline,2801
4161,2024-08-30,14,West,4,8123,1569,Offline,6554
4162,2024-02-02,28,West,8,3819,5006,Offline,-1187
4163,2024-09-28,43,North,7,4467,1594,Online,2873
4164,2022-03-17,16,East,9,1322,1309,Offline,13
4165,2023-08-22,19,South,1,721,2391,Online,-1670
4166,2022-08-13,17,West,5,7380,2057,Online,5323
4167,2022-04-23,26,North,4,4388,2264,Offline,2124
4168,2022-09-08,6,West,6,5800,4943,Offline,857
4169,2024-04-20,43,South,1,3770,1491,Online,2279
4170,2023-12-15,49,East,6,5193,6878,Offline,-1685
4171,2022-05-05,9,South,1,8066,1353,Offline,6713
4172,2024-12-28,50,East,1,4493,3141,Offline,1352
4173,2024-12-06,17,East,8,3098,6016,Online,-2918
4174,2024-06-02,31,East,2,2166,2704,Online,-538
4175,2022-01-30,12,West,6,5257,3862,Offline,1395
4176,2022-10-08,23,South,6,2054,4004,Offline,-1950
4177,2024-07-12,5,West,6,6615,2122,Offline,4493
4178,2023-01-03,43,South,8,5937,1571,Online,4366
4179,2023-05-10,36,North,4,6741,2019,Offline,4722
4180,2024-11-14,36,North,3,9772,552,Offline,9220
4181,2023-12-19,3,South,6,587,7228,Offline,-6641
4182,2024-10-13,24,South,4,7615,3068,Offline,4547
4183,2023-08-29,17,South,2,3203,7849,Online,-4646
4184,2023-01-10,39,South,6,2918,1859,Offline,1059
4185,2023-10-01,26,East,5,4647,1036,Offline,3611
4186,2024-11-14,4,West,9,2247,6442,Online,-4195
4187,2022-04-26,45,East,6,8732,5295,Offline,3437
4188,2022-02-17,12,West,3,538,2228,Offline,-1690
4189,2022-04-09,1,West,5,7543,7886,Online,-343
4190,2023-02-09,21,West,8,2651,6566,Offline,-3915
4191,2023-11-16,19,East,9,4437,5713,Online,-1276
4192,2024-06-21,21,South,8,7386,7128,Offline,258
4193,2023-05-18,18,East,3,708,2490,Offline,-1782
4194,2024-06-12,43,East,9,1099,1302,Offline,-203
4195,2022-09-15,3,West,3,9296,3285,Online,6011
4196,2024-04-23,49,North,8,4209,2222,Offline,1987
4197,2022-05-01,44,North,9,8226,6954,Online,1272
4198,2024-03-20,32,East,7,713,6367,Online,-5654
4199,2024-09-04,10,West,4,6223,4052,Online,2171
4200,2022-02-23,40,East,9,7052,6500,Online,552
4201,2024-10-15,15,East,3,6738,4437,Online,2301
4202,2024-02-23,5,South,3,8960,7264,Online,1696
4203,2022-08-29,4,West,2,2908,4002,Offline,-1094
4204,2023-04-28,28,North,3,8472,3492,Offline,4980
4205,2024-10-09,4,North,1,5278,6243,Offline,-965
4206,2022-07-06,15,North,4,1322,4134,Offline,-2812
4207,2023-10-18,17,East,8,6600,4738,Online,1862
4208,2022-09-19,44,West,5,3095,4727,Offline,-1632
4209,2024-08-10,3,South,2,8617,3827,Offline,4790
4210,2023-05-06,10,North,3,4453,5856,Online,-1403
4211,2023-03-07,47,West,1,4331,640,Offline,3691
4212,2022-08-27,42,North,2,5083,2688,Online,2395
4213,2022-10-31,23,South,1,6735,3787,Offline,2948
4214,2022-10-25,18,West,2,9342,7292,Offline,2050
4215,2022-03-17,1,East,3,8483,6625,Online,1858
4216,2024-09-25,35,East,1,7000,2000,Offline,5000
4217,2023-10-04,31,North,9,6351,7427,Offline,-1076
4218,2024-04-06,44,North,5,2134,5683,Offline,-3549
4219,2022-10-10,1,West,8,5314,1533,Offline,3781
4220,2023-08-14,3,South,5,1667,2870,Online,-1203
4221,2022-03-13,3,North,8,4576,6625,Offline,-2049
4222,2023-12-04,37,West,7,8890,5863,Online,3027
4223,2023-07-29,19,South,4,7458,2598,Online,4860
4224,2024-09-26,29,North,7,5942,437,Offline,5505
4225,2024-06-10,25,North,6,6860,7685,Online,-825
4226,2022-01-12,33,West,3,7199,3098,Offline,4101
4227,2022-05-21,36,North,9,4005,6897,Online,-2892
4228,2022-01-17,29,East,9,1302,3230,Online,-1928
4229,2024-12-22,26,South,5,8127,4220,Online,3907
4230,2022-09-10,4,South,8,9392,4482,Online,4910
4231,2023-04-10,49,East,7,1002,2133,Offline,-1131
4232,2023-01-11,14,West,9,6325,6736,Offline,-411
4233,2024-09-07,50,East,7,8439,2439,Offline,6000
4234,2023-06-04,27,East,4,6532,507,Offline,6025
4235,2022-03-31,33,South,4,7906,7671,Online,235
4236,2023-12-21,22,West,8,5219,2533,Offline,2686
4237,2024-03-14,48,North,6,8248,7552,Offline,696
4238,2024-03-06,3,East,9,3370,2150,Offline,1220
4239,2023-09-22,23,East,7,5258,1987,Online,3271
4240,2022-03-17,21,West,7,6468,2503,Online,3965
4241,2024-07-14,41,East,4,1598,6736,Online,-5138
4242,2023-02-04,23,West,3,3669,6976,Online,-3307
4243,2024-08-27,4,North,8,882,2508,Online,-1626
4244,2024-12-30,21,West,7,8290,7853,Offline,437
4245,2024-03-07,37,North,4,4440,5904,Online,-1464
4246,2022-07-14,43,West,4,7952,5922,Offline,2030
4247,2022-08-16,31,East,1,6952,1150,Online,5802
4248,2023-04-06,21,North,7,4771,2503,Online,2268
4249,2023-09-10,26,East,1,4823,6586,Online,-1763
4250,2024-11-10,41,North,4,2538,3990,Online,-1452
4251,2022-03-05,35,West,3,5961,3655,Online,2306
4252,2022-06-14,38,West,3,8563,2909,Online,5654
4253,2022-01-27,24,West,1,2485,6478,Offline,-3993
4254,2024-10-08,11,South,4,1762,523,Online,1239
4255,2022-10-12,41,South,1,6231,7111,Online,-880
4256,2022-10-08,29,North,8,5616,6836,Offline,-1220
4257,2024-04-17,47,South,1,849,6851,Online,-6002
4258,2024-04-10,3,West,6,940,4074,Online,-3134
4259,2024-07-06,1,South,7,3308,1711,Offline,1597
4260,2022-08-12,19,South,2,3062,6115,Offline,-3053
4261,2024-02-23,46,East,4,3652,4692,Online,-1040
4262,2024-08-22,49,North,3,8979,622,Online,8357
4263,2024-08-07,22,North,9,9689,6273,Online,3416
4264,2024-11-19,14,North,7,2833,1811,Online,1022
4265,2022-02-14,49,South,2,573,2386,Online,-1813
4266,2023-04-16,14,West,6,8044,4900,Online,3144
4267,2022-02-03,44,East,9,7449,7970,Offline,-521
4268,2023-10-15,16,North,3,2705,7196,Offline,-4491
4269,2024-04-09,33,South,6,9121,5956,Offline,3165
4270,2022-08-09,13,West,3,1971,7783,Offline,-5812
4271,2023-06-18,38,East,3,3981,7963,Online,-3982
4272,2023-11-23,49,East,4,8038,7584,Offline,454
4273,2024-07-20,12,North,9,3680,5761,Online,-2081
4274,2024-04-20,38,North,8,2230,2587,Online,-357
4275,2024-10-07,39,West,1,535,986,Offline,-451
4276,2023-08-05,33,South,1,1520,2317,Online,-797
4277,2022-08-27,33,West,7,6034,1768,Offline,4266
4278,2023-03-17,29,North,3,7661,4223,Offline,3438
4279,2022-05-28,5,West,7,8509,5135,Offline,3374
4280,2024-10-29,6,South,9,3617,1296,Offline,2321
4281,2023-01-23,31,East,3,3035,2834,Offline,201
4282,2024-12-09,16,East,3,5214,3112,Online,2102
4283,2024-07-04,31,East,2,8837,5830,Offline,3007
4284,2023-09-30,25,East,1,5463,6311,Online,-848
4285,2022-10-05,48,North,9,6591,922,Online,5669
4286,2024-09-15,46,North,6,1526,4124,Online,-2598
4287,2023-08-12,33,South,6,4165,3083,Online,1082
4288,2023-10-11,13,South,8,1786,4693,Offline,-2907
4289,2023-09-10,10,South,5,3346,1375,Online,1971
4290,2022-05-15,24,South,9,9012,7176,Offline,1836
4291,2023-08-03,10,West,5,8274,7444,Online,830
4292,2023-05-05,41,South,2,2793,603,Offline,2190
4293,2023-04-23,31,East,6,2112,5707,Offline,-3595
4294,2023-01-19,13,East,9,976,963,Offline,13
4295,2022-06-12,3,East,3,7926,3246,Offline,4680
4296,2023-03-17,50,West,4,9474,5537,Offline,3937
4297,2023-02-19,34,South,8,2447,4294,Online,-1847
4298,2022-10-15,49,East,6,3831,2292,Online,1539
4299,2022-07-06,28,East,7,5760,3795,Online,1965
4300,2022-05-10,19,East,7,6566,7234,Online,-668
4301,2022-07-13,23,East,4,8147,2994,Offline,5153
4302,2022-11-12,45,North,6,5969,4604,Online,1365
4303,2022-05-24,32,South,9,2093,3498,Online,-1405
4304,2022-01-16,13,South,3,8204,5712,Online,2492
4305,2023-02-27,33,West,8,6654,818,Online,5836
4306,2022-09-02,34,North,7,756,7689,Online,-6933
4307,2024-07-15,33,West,4,7012,6520,Offline,492
4308,2022-05-09,5,East,3,3491,4733,Offline,-1242
4309,2024-06-25,3,West,7,1917,7306,Online,-5389
4310,2024-06-05,7,East,9,8260,6209,Offline,2051
4311,2022-12-07,24,East,3,8465,2169,Online,6296
4312,2022-01-04,22,South,9,4614,4110,Offline,504
4313,2022-11-02,45,South,8,8801,1212,Offline,7589
4314,2024-06-26,23,South,3,3052,7742,Online,-4690
4315,2023-08-30,30,South,8,9749,4234,Offline,5515
4316,2024-09-18,18,South,4,5907,5202,Online,705
4317,2022-11-17,32,North,6,5233,3488,Online,1745
4318,2023-07-13,7,South,2,2542,1615,Offline,927
4319,2023-09-10,33,West,8,2681,5690,Offline,-3009
4320,2023-12-12,5,East,9,4992,7914,Offline,-2922
4321,2023-06-15,49,South,7,4058,3528,Offline,530
4322,2023-02-14,28,North,8,4158,871,Online,3287
4323,2024-03-28,8,West,7,3194,3555,Online,-361
4324,2023-05-08,15,West,4,4384,2771,Online,1613
4325,2022-01-12,4,East,1,5280,6075,Online,-795
4326,2022-07-14,34,West,3,3784,7116,Online,-3332
4327,2023-05-05,5,West,7,6452,5435,Online,1017
4328,2024-03-05,33,West,7,8017,5321,Offline,2696
4329,2024-05-30,5,West,3,6662,6180,Online,482
4330,2022-07-01,38,North,1,5606,397,Online,5209
4331,2024-08-19,34,East,9,2666,4333,Offline,-1667
4332,2023-10-18,26,South,6,4897,1939,Offline,2958
4333,2023-11-25,1,West,7,8168,6743,Online,1425
4334,2022-01-30,4,North,1,3892,5142,Online,-1250
4335,2024-02-17,39,East,1,4211,5841,Offline,-1630
4336,2023-03-20,26,South,4,6379,5726,Online,653
4337,2022-10-25,33,East,7,2086,4327,Offline,-2241
4338,2024-03-18,33,North,8,9906,6717,Offline,3189
4339,2024-04-24,8,North,9,7638,560,Offline,7078
4340,2024-10-12,20,North,1,8162,5658,Online,2504
4341,2023-07-08,16,West,4,7904,1235,Online,6669
4342,2022-10-30,21,North,4,9056,2097,Offline,6959
4343,2023-02-25,45,South,3,4439,631,Offline,3808
4344,2022-07-04,26,West,7,3699,4510,Online,-811
4345,2023-04-13,23,East,1,7441,567,Online,6874
4346,2024-01-24,18,South,9,1481,2359,Online,-878
4347,2022-12-29,31,West,8,4052,372,Offline,3680
4348,2022-12-02,42,North,2,1421,5411,Offline,-3990
4349,2022-06-11,12,East,2,4158,3221,Offline,937
4350,2022-01-12,1,North,8,4495,2753,Online,1742
4351,2023-08-11,42,South,1,7564,4188,Offline,3376
4352,2022-07-20,9,South,7,5552,477,Offline,5075
4353,2023-06-06,3,West,9,5906,2299,Offline,3607
4354,2023-05-20,26,South,3,4777,1071,Online,3706
4355,2024-02-27,9,East,7,1974,1245,Offline,729
4356,2024-11-28,42,West,6,7598,7726,Offline,-128
4357,2022-03-01,16,East,7,4267,4795,Online,-528
4358,2023-08-01,24,North,7,7219,569,Offline,6650
4359,2022-11-17,50,East,1,9094,2155,Online,6939
4360,2024-07-11,14,East,3,9839,1955,Online,7884
4361,2023-07-23,3,South,1,1112,4052,Offline,-2940
4362,2023-06-11,34,North,5,7786,2833,Online,4953
4363,2023-06-08,33,South,3,3517,4454,Offline,-937
4364,2023-09-05,50,North,1,5288,2989,Online,2299
4365,2022-05-05,24,North,2,7602,5282,Offline,2320
4366,2024-05-20,9,East,5,3701,4661,Online,-960
4367,2022-10-07,13,South,3,1252,2422,Online,-1170
4368,2024-07-05,2,East,6,8056,6418,Online,1638
4369,2023-09-14,7,East,9,1841,3461,Offline,-1620
4370,2024-04-25,48,East,6,9196,804,Offline,8392
4371,2023-11-05,21,North,2,7514,2704,Offline,4810
4372,2022-11-10,19,South,2,7255,2501,Online,4754
4373,2022-11-28,25,South,8,3982,6319,Online,-2337
4374,2022-02-05,47,East,8,8228,3589,Offline,4639
4375,2024-11-11,22,North,6,6065,4881,Offline,1184
4376,2022-07-25,11,South,7,8111,5959,Online,2152
4377,2023-10-01,33,West,1,8430,1453,Online,6977
4378,2024-04-27,32,South,9,7017,4461,Online,2556
4379,2023-03-16,21,East,5,2922,7611,Offline,-4689
4380,2023-12-30,39,West,9,9365,2727,Online,6638
4381,2024-07-29,20,North,2,6485,1636,Offline,4849
4382,2022-06-13,8,West,8,7447,706,Online,6741
4383,2022-05-28,42,West,7,9284,3778,Offline,5506
4384,2022-10-21,37,East,4,8135,4344,Online,3791
4385,2022-07-14,9,South,3,4168,576,Online,3592
4386,2023-10-25,25,North,4,6962,7058,Offline,-96
4387,2023-04-25,25,West,4,3638,3780,Online,-142
4388,2022-05-03,33,East,8,5009,2661,Online,2348
4389,2023-11-30,2,South,4,3000,2896,Online,104
4390,2024-08-22,19,West,5,3293,5668,Offline,-2375
4391,2023-10-23,46,East,2,4793,2268,Online,2525
4392,2023-12-11,20,East,4,5899,760,Offline,5139
4393,2023-01-31,42,East,7,799,2746,Online,-1947
4394,2024-06-30,41,North,3,2406,4039,Online,-1633
4395,2024-10-01,42,South,1,2985,6894,Offline,-3909
4396,2022-11-13,29,West,8,7959,6914,Offline,1045
4397,2023-11-12,6,South,8,8898,6063,Offline,2835
4398,2023-05-10,17,South,6,6620,1882,Offline,4738
4399,2023-07-10,25,West,7,8985,7901,Offline,1084
4400,2023-09-02,38,South,2,2373,5351,Offline,-2978
4401,2022-04-19,4,North,5,6602,3817,Online,2785
4402,2023-01-07,30,West,7,6672,5102,Online,1570
4403,2024-05-04,20,West,9,6822,4498,Online,2324
4404,2023-09-08,3,East,1,2588,2675,Online,-87
4405,2024-02-07,23,South,3,8137,7044,Offline,1093
4406,2022-07-25,18,West,6,5811,6689,Online,-878
4407,2024-04-26,26,West,7,6987,7525,Online,-538
4408,2022-02-12,36,North,6,7380,6548,Online,832
4409,2024-05-14,8,East,1,5221,3039,Offline,2182
4410,2024-02-24,17,West,4,3926,1271,Offline,2655
4411,2023-04-21,31,North,6,1028,7536,Online,-6508
4412,2022-03-24,37,West,8,2424,7436,Offline,-5012
4413,2022-07-09,45,West,4,6960,1625,Online,5335
4414,2024-03-10,33,West,7,6476,452,Offline,6024
4415,2024-07-24,27,North,3,6521,3908,Online,2613
4416,2022-09-08,45,South,8,1362,4260,Offline,-2898
4417,2022-10-18,4,West,1,4820,3406,Online,1414
4418,2022-11-22,22,West,4,3994,5352,Online,-1358
4419,2024-04-16,26,South,8,6552,3386,Offline,3166
4420,2023-05-23,32,West,4,8759,5525,Offline,3234
4421,2024-01-01,24,East,2,2142,1029,Offline,1113
4422,2022-03-13,46,West,2,9712,4267,Offline,5445
4423,2023-10-03,35,East,4,5696,4469,Online,1227
4424,2024-07-28,37,South,4,7499,5251,Online,2248
4425,2023-08-31,32,North,2,7822,4302,Online,3520
4426,2023-07-20,7,South,7,3643,2632,Online,1011
4427,2022-02-23,33,West,6,1970,1873,Online,97
4428,2023-06-12,31,East,3,6178,3568,Online,2610
4429,2023-09-03,12,North,8,1882,4675,Online,-2793
4430,2022-07-12,11,West,8,5896,5182,Online,714
4431,2022-02-27,24,North,1,7614,985,Offline,6629
4432,2022-05-09,8,North,3,9934,4188,Online,5746
4433,2023-12-07,32,West,5,2205,1879,Offline,326
4434,2024-05-01,38,South,2,6497,1268,Offline,5229
4435,2022-01-08,22,West,5,6563,4037,Offline,2526
4436,2022-01-29,34,West,3,8462,7620,Offline,842
4437,2024-08-04,19,South,9,8596,6734,Online,1862
4438,2022-05-11,20,East,1,3094,2333,Offline,761
4439,2022-07-07,14,West,4,1815,7375,Online,-5560
4440,2023-12-10,33,North,6,8639,5561,Online,3078
4441,2022-07-31,10,West,9,9259,1067,Offline,8192
4442,2022-10-03,16,West,3,3204,6755,Online,-3551
4443,2022-08-31,4,North,3,6225,945,Online,5280
4444,2024-09-13,27,South,5,5191,7499,Offline,-2308
4445,2023-11-16,28,East,7,9339,4421,Offline,4918
4446,2022-06-20,43,East,5,624,6330,Online,-5706
4447,2023-10-15,16,North,8,5597,6698,Online,-1101
4448,2022-07-07,33,South,5,5307,6154,Online,-847
4449,2022-02-21,48,West,7,2470,1379,Online,1091
4450,2022-04-21,19,West,6,3262,6736,Offline,-3474
4451,2024-05-26,21,West,2,6017,936,Offline,5081
4452,2024-12-02,22,West,3,1314,4625,Offline,-3311
4453,2022-07-30,9,West,4,3601,2400,Offline,1201
4454,2024-05-07,9,North,5,2154,7397,Online,-5243
4455,2023-09-19,9,West,9,631,400,Offline,231
4456,2024-11-15,27,West,6,8922,5886,Online,3036
4457,2022-10-26,17,South,1,894,4217,Online,-3323
4458,2024-07-12,44,West,3,7819,5199,Offline,2620
4459,2022-05-17,45,East,7,4073,1168,Online,2905
4460,2024-11-09,8,North,8,9673,6710,Online,2963
4461,2023-03-16,16,North,7,7606,6214,Online,1392
4462,2022-07-30,18,North,5,9624,4397,Offline,5227
4463,2024-01-22,33,East,8,6125,321,Online,5804
4464,2023-03-11,1,West,9,5128,2925,Online,2203
4465,2024-02-19,12,North,7,5560,6655,Online,-1095
4466,2023-03-15,6,East,9,8247,7703,Online,544
4467,2023-10-28,41,South,1,6769,2203,Offline,4566
4468,2024-12-01,5,West,9,7132,2876,Offline,4256
4469,2023-02-15,16,East,3,7255,6831,Online,424
4470,2024-03-16,18,West,6,7089,4409,Online,2680
4471,2023-09-02,49,South,8,6089,4914,Online,1175
4472,2023-03-03,18,East,3,3004,3593,Offline,-589
4473,2024-06-20,1,West,4,3533,2235,Offline,1298
4474,2024-07-30,19,East,7,9403,915,Online,8488
4475,2024-01-12,8,North,7,3476,5357,Online,-1881
4476,2022-11-24,3,West,4,1971,2750,Offline,-779
4477,2022-02-21,25,East,9,7095,3884,Online,3211
4478,2023-01-11,5,North,3,1642,586,Offline,1056
4479,2022-09-20,40,South,8,3068,6827,Online,-3759
4480,2022-09-24,19,West,8,2108,3618,Online,-1510
4481,2022-12-25,18,West,4,6052,2223,Online,3829
4482,2023-10-14,50,South,7,2397,5510,Online,-3113
4483,2022-02-15,31,North,4,2692,5221,Offline,-2529
4484,2023-08-23,33,South,1,1591,6755,Offline,-5164
4485,2023-12-21,47,West,1,1199,7904,Offline,-6705
4486,2023-08-24,18,East,1,4592,3073,Online,1519
4487,2023-01-16,39,North,2,2678,2390,Online,288
4488,2022-04-28,16,North,6,1232,5493,Offline,-4261
4489,2022-04-26,16,North,5,9204,3101,Offline,6103
4490,2022-09-17,47,South,2,3187,1292,Online,1895
4491,2022-11-01,38,South,8,4256,1884,Offline,2372
4492,2022-01-07,41,East,9,6561,2203,Online,4358
4493,2023-01-01,7,East,7,9123,1175,Offline,7948
4494,2023-06-07,14,North,9,7034,7783,Online,-749
4495,2023-03-05,43,East,4,5885,5129,Online,756
4496,2024-03-01,48,South,7,4994,2185,Offline,2809
4497,2024-01-17,25,East,5,9499,443,Offline,9056
4498,2023-01-02,32,South,5,1779,7796,Online,-6017
4499,2022-11-09,38,East,3,7038,2556,Online,4482
4500,2023-06-22,22,West,9,2721,1422,Offline,1299
4501,2024-07-09,16,South,5,5664,999,Online,4665
4502,2024-12-13,29,West,6,1354,4509,Offline,-3155
4503,2024-05-14,16,South,3,3712,6618,Online,-2906
4504,2024-02-21,12,East,7,3086,570,Offline,2516
4505,2022-11-30,17,West,9,5340,362,Online,4978
4506,2024-03-08,37,East,9,3268,1307,Online,1961
4507,2022-12-14,27,South,5,7728,3143,Online,4585
4508,2022-09-30,25,West,7,3840,5823,Online,-1983
4509,2024-08-20,13,North,3,5759,2572,Online,3187
4510,2023-12-21,8,East,6,7240,2282,Online,4958
4511,2023-05-15,5,South,8,775,6604,Online,-5829
4512,2023-11-16,12,West,8,7698,7503,Offline,195
4513,2022-03-20,41,East,2,4363,2728,Offline,1635
4514,2023-09-14,3,West,6,1214,4024,Online,-2810
4515,2024-08-04,35,East,7,6554,4713,Offline,1841
4516,2022-12-24,33,East,7,1309,3055,Offline,-1746
4517,2023-09-10,22,East,3,4226,4034,Online,192
4518,2023-05-22,50,West,9,4478,6899,Offline,-2421
4519,2023-07-30,44,West,2,9553,1592,Online,7961
4520,2022-09-01,9,East,3,536,6787,Offline,-6251
4521,2023-05-21,41,North,2,8614,5459,Offline,3155
4522,2023-02-26,18,North,9,9146,4809,Offline,4337
4523,2022-08-05,50,North,4,3808,7847,Online,-4039
4524,2024-10-05,29,South,2,3155,5641,Offline,-2486
4525,2022-11-26,39,North,3,1481,5700,Online,-4219
4526,2023-10-12,27,West,4,6947,4620,Online,2327
4527,2023-01-26,36,North,6,651,5876,Offline,-5225
4528,2023-01-16,45,West,5,9291,1477,Online,7814
4529,2024-01-12,17,South,3,6148,6723,Online,-575
4530,2024-03-30,34,West,8,2011,5772,Offline,-3761
4531,2023-11-04,46,West,8,2758,7506,Online,-4748
4532,2023-05-28,3,West,7,731,7172,Offline,-6441
4533,2024-08-06,5,North,3,3242,5016,Offline,-1774
4534,2024-07-18,14,East,1,8341,7418,Online,923
4535,2024-07-01,3,West,5,4962,2920,Offline,2042
4536,2023-10-06,23,North,1,8249,2836,Offline,5413
4537,2023-03-03,39,North,6,1071,5403,Online,-4332
4538,2023-05-17,30,North,7,1702,2268,Online,-566
4539,2023-12-31,50,East,5,9731,7380,Online,2351
4540,2022-03-12,45,East,4,7109,5617,Online,1492
4541,2023-04-23,23,East,2,670,5695,Offline,-5025
4542,2023-04-02,27,East,5,5651,1495,Offline,4156
4543,2022-07-08,10,South,9,6906,3131,Offline,3775
4544,2022-10-18,25,East,4,688,807,Offline,-119
4545,2024-07-08,13,East,2,5178,704,Offline,4474
4546,2022-10-19,16,East,6,7645,1594,Online,6051
4547,2024-01-26,41,West,8,6427,6354,Offline,73
4548,2023-01-12,34,West,2,1099,3925,Offline,-2826
4549,2023-05-23,37,East,9,5801,3119,Offline,2682
4550,2023-06-12,22,South,7,4076,5059,Offline,-983
4551,2023-07-13,17,West,2,9645,6574,Online,3071
4552,2024-11-20,23,North,5,5693,6045,Online,-352
4553,2022-09-17,36,West,5,2370,5804,Online,-3434
4554,2023-02-25,49,North,7,4761,6153,Offline,-1392
4555,2022-10-31,9,West,5,2524,7864,Offline,-5340
4556,2024-07-30,2,East,6,5994,3937,Offline,2057
4557,2024-11-28,32,West,9,9332,2173,Online,7159
4558,2023-06-26,50,East,3,5953,5715,Offline,238
4559,2024-12-25,22,East,3,2327,1706,Online,621
4560,2022-04-18,43,West,8,5202,3883,Offline,1319
4561,2022-09-25,13,North,6,1039,5814,Online,-4775
4562,2022-08-10,8,North,3,7702,1877,Online,5825
4563,2023-11-24,1,West,2,4938,5679,Offline,-741
4564,2022-09-12,17,East,2,4001,4676,Offline,-675
4565,2022-09-10,12,North,2,4037,3727,Online,310
4566,2022-09-14,4,South,5,7216,6863,Online,353
4567,2023-01-18,13,East,5,7318,5611,Online,1707
4568,2023-03-18,31,West,1,6700,936,Online,5764
4569,2023-08-22,41,East,2,4786,5847,Online,-1061
4570,2023-01-25,7,South,2,5239,1107,Offline,4132
4571,2023-08-05,23,South,4,2589,2695,Online,-106
4572,2024-12-03,24,North,7,6105,4824,Offline,1281
4573,2023-08-21,5,South,3,7840,1715,Offline,6125
4574,2022-01-19,5,East,5,7322,7808,Offline,-486
4575,2023-08-30,17,North,9,3821,6990,Offline,-3169
4576,2022-02-02,30,South,5,3049,7383,Offline,-4334
4577,2024-05-11,9,North,9,1716,2749,Online,-1033
4578,2022-06-04,6,North,1,5385,7514,Offline,-2129
4579,2024-06-23,25,West,9,7393,5060,Online,2333
4580,2023-02-09,19,North,5,9433,5145,Offline,4288
4581,2024-04-23,16,North,8,6808,3796,Online,3012
4582,2024-01-17,21,South,5,5582,3888,Offline,1694
4583,2022-09-28,2,East,6,7725,7403,Online,322
4584,2024-02-09,10,East,8,7930,4329,Online,3601
4585,2022-06-21,16,South,2,9339,5032,Online,4307
4586,2022-10-01,37,East,3,3297,7322,Offline,-4025
4587,2022-09-16,15,North,9,1318,7795,Online,-6477
4588,2023-02-26,13,West,5,8934,6530,Offline,2404
4589,2022-12-30,13,North,5,7306,814,Offline,6492
4590,2023-01-13,32,North,9,7501,5399,Online,2102
4591,2023-08-03,45,West,3,8426,7632,Offline,794
4592,2024-06-09,47,South,4,4604,3594,Offline,1010
4593,2023-12-23,46,North,7,8546,3208,Offline,5338
4594,2024-05-30,8,North,2,512,5716,Offline,-5204
4595,2023-08-28,43,South,8,6394,7359,Online,-965
4596,2022-01-22,18,North,5,7550,2798,Offline,4752
4597,2023-01-18,36,North,1,3517,1666,Online,1851
4598,2022-05-14,26,East,3,7892,640,Offline,7252
4599,2024-11-14,10,South,9,1189,5880,Online,-4691
4600,2023-05-18,31,North,5,6378,5811,Online,567
4601,2022-05-24,33,North,8,3638,4272,Offline,-634
4602,2022-08-12,29,West,1,8476,1860,Offline,6616
4603,2022-08-08,5,West,7,9368,5970,Offline,3398
4604,2022-06-28,13,West,7,6827,2768,Offline,4059
4605,2023-03-09,1,North,8,4803,2728,Offline,2075
4606,2022-09-22,23,North,3,1502,3988,Online,-2486
4607,2024-08-11,40,West,1,7908,6448,Online,1460
4608,2023-03-05,3,East,9,8642,2995,Online,5647
4609,2023-02-20,3,East,1,2265,2327,Offline,-62
4610,2023-12-28,7,East,6,6278,7471,Offline,-1193
4611,2022-07-16,36,East,9,2791,4052,Offline,-1261
4612,2024-12-12,35,South,2,8230,615,Online,7615
4613,2023-04-25,15,West,4,5366,6241,Offline,-875
4614,2024-06-08,40,North,2,8929,4289,Online,4640
4615,2024-07-13,3,West,4,6953,1401,Online,5552
4616,2022-05-03,29,East,2,2084,830,Offline,1254
4617,2024-02-17,30,North,1,1807,2702,Online,-895
4618,2022-12-14,39,South,3,2585,2159,Online,426
4619,2022-01-29,18,West,8,531,7500,Online,-6969
4620,2024-09-01,11,North,5,8220,5057,Offline,3163
4621,2022-02-04,43,North,4,791,7606,Online,-6815
4622,2023-09-15,49,East,5,4186,5691,Offline,-1505
4623,2023-08-12,38,East,6,2142,1519,Offline,623
4624,2024-12-26,40,West,6,8266,4522,Online,3744
4625,2024-06-22,1,South,5,9269,4744,Offline,4525
4626,2023-06-04,29,North,6,4409,2066,Online,2343
4627,2022-05-02,10,East,9,1723,1367,Offline,356
4628,2022-12-06,28,West,5,9138,7185,Offline,1953
4629,2022-06-24,31,East,6,4873,1027,Offline,3846
4630,2023-08-20,19,West,4,3079,543,Offline,2536
4631,2023-03-27,3,East,3,1922,6452,Offline,-4530
4632,2023-07-11,36,South,6,8058,2085,Offline,5973
4633,2024-11-05,43,North,5,7245,1011,Offline,6234
4634,2022-01-09,15,East,4,3109,3193,Online,-84
4635,2022-11-30,33,North,5,3581,3450,Online,131
4636,2024-10-13,41,West,7,7234,7657,Online,-423
4637,2022-11-23,43,South,1,8750,4481,Offline,4269
4638,2022-01-15,45,North,1,9150,1808,Online,7342
4639,2024-04-18,26,East,1,603,570,Offline,33
4640,2022-08-14,16,North,2,5426,2097,Offline,3329
4641,2022-04-23,36,North,9,9480,2860,Offline,6620
4642,2022-01-01,33,West,5,1241,5439,Offline,-4198
4643,2022-09-23,20,South,9,6944,3860,Offline,3084
4644,2024-08-09,13,South,5,5223,4303,Offline,920
4645,2022-11-02,33,North,7,8159,2477,Offline,5682
4646,2022-01-12,5,North,6,5703,1137,Offline,4566
4647,2024-07-25,37,West,2,3476,3117,Online,359
4648,2023-02-24,14,North,3,7926,4014,Offline,3912
4649,2024-06-07,27,West,5,7003,3378,Online,3625
4650,2022-06-20,23,South,4,9119,3199,Online,5920
4651,2022-05-14,14,South,6,6986,2076,Offline,4910
4652,2024-08-22,40,West,8,6990,5332,Online,1658
4653,2024-11-14,4,North,8,2444,5729,Offline,-3285
4654,2023-10-20,39,South,3,6739,6228,Online,511
4655,2022-06-28,19,East,4,7922,1950,Offline,5972
4656,2024-12-15,47,West,1,6473,3248,Online,3225
4657,2022-04-21,4,South,2,9963,2820,Offline,7143
4658,2022-05-17,30,South,9,6021,7569,Online,-1548
4659,2022-08-20,19,South,2,911,2685,Offline,-1774
4660,2024-09-18,31,East,6,6590,4714,Offline,1876
4661,2023-04-13,31,East,7,746,5932,Online,-5186
4662,2024-01-02,9,East,6,7342,5444,Online,1898
4663,2023-04-26,13,North,8,7064,3068,Online,3996
4664,2024-12-27,14,West,9,2671,7897,Online,-5226
4665,2024-03-24,46,North,8,7778,4538,Offline,3240
4666,2024-09-20,10,East,5,7957,6128,Online,1829
4667,2022-11-19,48,West,8,6218,3004,Online,3214
4668,2024-07-10,31,North,9,2560,1472,Offline,1088
4669,2024-06-22,37,North,8,3834,6112,Offline,-2278
4670,2023-08-29,23,North,2,7690,7522,Offline,168
4671,2023-03-05,27,East,2,1444,2818,Online,-1374
4672,2022-05-28,6,South,3,5861,662,Online,5199
4673,2024-04-29,26,West,7,9954,949,Online,9005
4674,2023-01-02,2,East,9,5784,2556,Online,3228
4675,2024-04-29,45,West,8,7381,7652,Offline,-271
4676,2024-12-25,13,East,9,8867,3436,Online,5431
4677,2024-03-23,50,North,6,9744,4944,Online,4800
4678,2022-06-24,19,North,1,8440,1435,Offline,7005
4679,2023-08-11,1,South,4,833,4658,Offline,-3825
4680,2023-05-10,40,South,6,9956,3447,Offline,6509
4681,2024-08-30,32,West,6,3445,7763,Online,-4318
4682,2022-02-04,22,South,8,5280,5597,Online,-317
4683,2024-09-25,48,South,1,5156,5161,Offline,-5
4684,2023-06-22,29,West,2,3165,6444,Online,-3279
4685,2024-01-20,2,East,2,7631,6591,Online,1040
4686,2024-11-03,40,South,6,5435,1175,Offline,4260
4687,2023-01-09,38,East,7,915,4042,Offline,-3127
4688,2023-07-11,48,North,2,1207,6255,Offline,-5048
4689,2022-08-21,11,South,5,8288,7429,Online,859
4690,2023-12-06,17,North,6,3184,4151,Online,-967
4691,2023-07-17,43,North,4,7994,1452,Online,6542
4692,2024-07-27,8,East,1,3866,6956,Offline,-3090
4693,2024-06-05,22,West,3,4003,2222,Online,1781
4694,2023-12-27,4,South,9,4942,928,Online,4014
4695,2022-03-17,11,East,6,6680,3319,Offline,3361
4696,2023-03-15,8,West,2,3059,5921,Online,-2862
4697,2023-11-30,9,North,9,8637,7616,Online,1021
4698,2024-07-03,26,South,4,4471,7736,Offline,-3265
4699,2024-06-09,2,North,8,3457,2024,Offline,1433
4700,2023-11-23,16,North,7,7416,5048,Offline,2368
4701,2022-09-10,31,South,3,2229,6432,Offline,-4203
4702,2024-11-26,6,West,8,9733,1428,Offline,8305
4703,2023-02-14,21,West,4,526,4861,Online,-4335
4704,2022-05-07,26,South,2,3083,1063,Offline,2020
4705,2023-08-15,19,South,5,9744,1319,Offline,8425
4706,2022-10-21,28,East,1,3555,5324,Offline,-1769
4707,2024-10-16,8,East,8,7301,4273,Online,3028
4708,2022-11-06,14,North,8,2158,7748,Online,-5590
4709,2023-10-24,24,South,3,4451,7874,Offline,-3423
4710,2023-06-12,48,West,1,7799,4227,Online,3572
4711,2023-06-24,44,North,4,7956,3141,Online,4815
4712,2023-02-23,37,North,9,4637,3247,Online,1390
4713,2023-03-20,26,North,9,8431,5777,Offline,2654
4714,2023-11-16,31,North,1,2214,974,Online,1240
4715,2024-04-19,32,West,7,3831,1308,Online,2523
4716,2022-08-24,50,North,6,3847,1526,Offline,2321
4717,2022-08-02,41,South,7,2486,1935,Offline,551
4718,2022-03-26,2,East,7,4044,4676,Online,-632
4719,2024-03-04,25,West,8,7479,7359,Offline,120
4720,2022-03-26,44,South,8,1201,5676,Offline,-4475
4721,2022-03-06,2,South,2,8237,7561,Offline,676
4722,2023-10-25,42,South,4,4286,623,Offline,3663
4723,2023-09-19,1,East,4,7762,3138,Online,4624
4724,2022-03-05,36,East,8,2971,4110,Offline,-1139
4725,2024-07-27,12,East,3,5514,7829,Offline,-2315
4726,2024-07-07,9,South,3,7159,1985,Online,5174
4727,2023-05-06,36,East,2,4760,7818,Offline,-3058
4728,2022-11-09,41,North,1,6045,5481,Online,564
4729,2023-09-07,28,East,8,3544,4012,Offline,-468
4730,2024-07-07,38,West,9,4383,6630,Online,-2247
4731,2024-03-23,33,South,9,3440,7358,Offline,-3918
4732,2024-07-28,42,South,8,5661,841,Offline,4820
4733,2023-11-11,46,North,5,2320,3244,Online,-924
4734,2023-03-11,22,East,1,7384,1627,Online,5757
4735,2023-11-13,25,East,9,3302,6206,Online,-2904
4736,2024-12-09,18,West,6,2963,938,Online,2025
4737,2022-12-06,6,North,7,3871,4831,Online,-960
4738,2022-12-13,18,West,8,7722,2560,Offline,5162
4739,2023-10-08,16,West,5,9027,1729,Online,7298
4740,2023-10-11,15,South,6,5476,3165,Offline,2311
4741,2022-09-02,48,South,7,5567,1261,Online,4306
4742,2022-04-19,8,East,7,8001,5553,Online,2448
4743,2023-06-17,13,East,2,3288,7403,Offline,-4115
4744,2022-10-23,43,West,1,4625,5312,Offline,-687
4745,2022-04-22,7,East,8,4106,7436,Offline,-3330
4746,2022-12-09,17,West,5,2040,3262,Offline,-1222
4747,2022-04-11,50,East,2,9266,7686,Online,1580
4748,2023-09-21,32,East,3,720,2768,Offline,-2048
4749,2022-01-28,22,South,6,5422,6762,Online,-1340
4750,2024-07-25,13,South,6,6113,3528,Online,2585
4751,2022-02-27,47,South,8,1253,6631,Online,-5378
4752,2022-10-24,23,South,5,7988,5895,Offline,2093
4753,2022-05-14,29,North,5,7706,6605,Offline,1101
4754,2022-09-06,22,South,7,9712,428,Offline,9284
4755,2024-10-17,1,North,5,8438,4699,Offline,3739
4756,2023-07-04,29,South,9,2461,7556,Offline,-5095
4757,2024-06-20,48,East,6,6458,4266,Offline,2192
4758,2024-04-13,5,West,7,3983,1216,Online,2767
4759,2024-02-10,35,East,8,7135,5581,Offline,1554
4760,2022-05-26,10,East,5,9129,5317,Online,3812
4761,2024-06-11,19,North,4,9170,5455,Online,3715
4762,2022-12-10,37,South,8,1282,1550,Offline,-268
4763,2024-11-24,7,West,9,5603,2498,Offline,3105
4764,2023-12-03,46,West,1,4667,4988,Offline,-321
4765,2022-01-01,35,South,3,719,6490,Offline,-5771
4766,2022-06-02,45,North,4,9719,4373,Online,5346
4767,2023-03-05,13,North,7,8529,4087,Offline,4442
4768,2023-05-23,10,North,6,7646,1239,Offline,6407
4769,2023-05-06,2,West,1,789,7103,Online,-6314
4770,2022-12-11,6,North,4,879,2578,Online,-1699
4771,2022-08-09,8,North,6,7386,5958,Offline,1428
4772,2023-12-24,36,West,3,2458,1301,Online,1157
4773,2024-11-14,25,West,2,8757,4072,Offline,4685
4774,2023-06-12,44,East,2,2683,2512,Offline,171
4775,2024-04-20,47,West,4,4274,7167,Online,-2893
4776,2024-12-01,40,South,1,4419,7263,Online,-2844
4777,2023-04-26,7,West,2,6702,1910,Offline,4792
4778,2024-07-18,46,West,2,1277,1927,Offline,-650
4779,2024-05-21,23,North,4,3066,5993,Offline,-2927
4780,2022-12-11,19,East,4,7904,3437,Online,4467
4781,2022-02-14,46,North,1,578,4291,Online,-3713
4782,2022-01-21,22,East,7,2081,1403,Offline,678
4783,2024-12-29,13,North,7,8467,2487,Offline,5980
4784,2024-05-22,21,South,1,8339,6843,Online,1496
4785,2022-02-17,1,North,8,2662,6351,Offline,-3689
4786,2023-07-05,19,North,7,9677,4525,Online,5152
4787,2022-10-14,33,South,7,1985,3332,Offline,-1347
4788,2024-09-28,4,South,6,6245,3113,Online,3132
4789,2024-10-30,42,West,4,3120,2793,Offline,327
4790,2023-06-26,3,North,8,1464,4203,Offline,-2739
4791,2024-01-26,27,South,2,9520,328,Offline,9192
4792,2022-10-01,41,South,7,3173,4359,Online,-1186
4793,2024-08-13,35,West,3,5793,5621,Offline,172
4794,2023-08-23,28,East,3,7759,1560,Offline,6199
4795,2023-01-16,6,South,7,2218,3970,Offline,-1752
4796,2023-04-24,6,South,3,1728,6027,Offline,-4299
4797,2022-01-15,44,North,5,4278,5194,Offline,-916
4798,2023-05-31,23,West,8,2340,5758,Offline,-3418
4799,2022-07-10,33,North,4,997,5818,Online,-4821
4800,2023-09-13,16,East,7,1036,3810,Online,-2774
4801,2022-06-03,24,West,7,3805,2636,Offline,1169
4802,2022-09-29,5,North,2,7624,3623,Offline,4001
4803,2022-05-23,41,South,8,9856,7420,Online,2436
4804,2024-12-28,42,South,9,2471,399,Online,2072
4805,2022-09-04,13,West,6,8087,6335,Offline,1752
4806,2024-02-27,47,South,5,4027,3956,Online,71
4807,2022-03-20,12,North,1,799,4817,Offline,-4018
4808,2023-09-15,5,West,1,2886,7086,Offline,-4200
4809,2023-06-09,37,South,9,4463,993,Online,3470
4810,2024-02-11,31,South,4,5187,5101,Offline,86
4811,2024-07-26,28,East,1,4671,317,Offline,4354
4812,2023-09-09,28,East,3,4359,6914,Offline,-2555
4813,2024-10-28,30,West,6,9605,4009,Offline,5596
4814,2022-03-08,18,East,8,4195,3070,Online,1125
4815,2022-07-10,44,North,2,9612,1330,Online,8282
4816,2024-02-07,27,South,8,7742,6862,Online,880
4817,2023-06-05,35,South,1,6631,4775,Offline,1856
4818,2024-09-16,26,South,2,4117,6951,Online,-2834
4819,2022-09-24,39,West,8,3200,4509,Online,-1309
4820,2023-04-30,49,West,7,1505,7295,Online,-5790
4821,2023-01-11,18,East,5,2201,6954,Offline,-4753
4822,2023-10-15,33,South,2,3802,1919,Offline,1883
4823,2023-07-03,25,South,9,9495,1150,Offline,8345
4824,2022-03-14,31,South,5,3866,2196,Offline,1670
4825,2022-11-04,37,South,8,3662,1275,Offline,2387
4826,2022-07-18,2,South,4,8806,7057,Online,1749
4827,2023-07-26,33,North,9,2637,2816,Online,-179
4828,2024-03-01,39,South,7,5352,4488,Online,864
4829,2022-06-28,43,North,2,530,1815,Offline,-1285
4830,2022-07-16,43,South,3,6448,1425,Online,5023
4831,2024-01-05,32,West,2,2305,792,Online,1513
4832,2022-03-30,18,West,5,6913,7206,Offline,-293
4833,2024-03-09,17,North,2,4069,5904,Offline,-1835
4834,2024-02-27,34,South,5,5810,3336,Offline,2474
4835,2024-01-18,39,West,9,956,2826,Offline,-1870
4836,2022-07-28,7,West,2,948,7320,Online,-6372
4837,2023-05-08,42,South,9,567,6431,Offline,-5864
4838,2023-10-27,35,South,7,4589,466,Offline,4123
4839,2024-11-02,30,West,7,2362,4535,Offline,-2173
4840,2024-05-20,12,South,5,2302,4489,Online,-2187
4841,2024-01-02,35,East,8,8054,7648,Online,406
4842,2023-11-29,11,South,7,8819,875,Online,7944
4843,2023-08-17,44,West,6,6395,7471,Online,-1076
4844,2024-06-04,4,West,2,9959,905,Online,9054
4845,2024-05-01,25,North,6,9734,7856,Offline,1878
4846,2022-11-21,48,East,2,6015,3643,Offline,2372
4847,2024-09-05,32,West,1,4238,2118,Offline,2120
4848,2024-08-13,20,East,9,867,1455,Online,-588
4849,2024-06-12,50,South,5,6701,4979,Offline,1722
4850,2022-05-24,31,West,4,3140,1115,Online,2025
4851,2023-01-19,4,North,8,5407,6323,Online,-916
4852,2022-08-04,38,West,5,558,2940,Offline,-2382
4853,2022-11-20,47,North,7,4756,1835,Offline,2921
4854,2024-11-04,1,East,3,8794,3033,Offline,5761
4855,2022-08-05,3,North,8,5441,1262,Offline,4179
4856,2024-08-08,37,South,8,5007,3334,Online,1673
4857,2022-07-02,22,South,3,1285,5471,Online,-4186
4858,2022-09-27,17,South,9,2946,2347,Online,599
4859,2024-08-02,14,West,8,9648,5709,Offline,3939
4860,2024-05-19,41,South,1,9128,4841,Online,4287
4861,2023-04-12,35,South,8,2865,6680,Offline,-3815
4862,2022-11-01,13,West,4,5201,4160,Online,1041
4863,2022-04-21,35,East,6,7917,1814,Offline,6103
4864,2024-10-10,43,South,9,6066,3651,Online,2415
4865,2022-08-20,2,South,5,9188,1367,Offline,7821
4866,2023-08-18,47,West,7,9714,1181,Offline,8533
4867,2022-06-22,13,East,1,6883,7209,Online,-326
4868,2024-08-30,16,East,9,1989,5332,Offline,-3343
4869,2024-10-27,18,East,6,2834,6344,Online,-3510
4870,2023-06-30,7,West,4,8190,6802,Offline,1388
4871,2023-07-02,45,North,6,3889,7089,Online,-3200
4872,2023-06-02,36,North,5,702,3939,Offline,-3237
4873,2024-07-02,41,South,3,730,1849,Online,-1119
4874,2022-08-03,30,South,7,7547,3037,Online,4510
4875,2022-05-14,42,South,3,3462,4857,Online,-1395
4876,2022-10-12,41,North,2,2827,400,Online,2427
4877,2023-11-17,7,West,4,3284,7135,Offline,-3851
4878,2022-11-27,15,South,7,1303,7427,Offline,-6124
4879,2024-06-12,40,West,5,6266,3832,Online,2434
4880,2024-06-17,19,South,9,4223,3116,Online,1107
4881,2022-03-19,43,West,7,6896,6711,Offline,185
4882,2024-08-04,37,West,9,675,7326,Online,-6651
4883,2023-11-19,2,North,9,6191,7829,Online,-1638
4884,2022-01-21,42,West,2,4032,707,Online,3325
4885,2023-07-20,48,East,1,4849,7504,Offline,-2655
4886,2024-04-06,13,North,4,2043,2815,Online,-772
4887,2022-06-28,40,South,4,5956,2039,Offline,3917
4888,2024-12-18,41,North,2,3913,4352,Offline,-439
4889,2024-06-23,43,East,3,7585,558,Offline,7027
4890,2023-10-31,43,East,3,4679,808,Online,3871
4891,2022-07-10,31,West,5,9832,6086,Online,3746
4892,2023-12-09,16,East,1,5307,4121,Online,1186
4893,2024-11-24,42,East,9,7886,4704,Offline,3182
4894,2023-01-14,44,East,8,2440,3983,Online,-1543
4895,2023-01-22,6,East,8,1156,7740,Online,-6584
4896,2022-08-25,28,South,3,3003,5020,Offline,-2017
4897,2023-09-08,32,South,2,1158,6553,Offline,-5395
4898,2022-10-10,44,North,1,7538,4026,Offline,3512
4899,2022-01-01,10,West,6,8602,978,Online,7624
4900,2023-04-09,50,South,1,6525,1583,Online,4942
4901,2024-08-24,18,East,5,9746,6076,Online,3670
4902,2022-06-21,4,West,9,6998,5137,Offline,1861
4903,2024-04-22,9,South,9,6848,1206,Online,5642
4904,2023-11-21,7,North,4,3541,567,Offline,2974
4905,2023-07-29,50,East,7,2838,6426,Online,-3588
4906,2022-06-14,8,West,7,610,3403,Online,-2793
4907,2023-01-18,43,South,4,5687,5335,Online,352
4908,2022-07-28,7,West,5,2218,5206,Online,-2988
4909,2022-08-12,41,South,9,7016,1500,Online,5516
4910,2022-01-03,40,North,7,625,6547,Offline,-5922
4911,2023-01-07,3,East,7,8953,5655,Offline,3298
4912,2023-09-03,17,North,7,3434,1416,Online,2018
4913,2022-04-26,2,East,9,6417,6644,Online,-227
4914,2023-03-23,15,East,5,2104,6230,Offline,-4126
4915,2023-02-19,46,West,6,8090,1198,Online,6892
4916,2024-06-10,29,South,3,2582,3090,Offline,-508
4917,2024-11-13,50,North,1,9346,5320,Online,4026
4918,2023-10-25,48,North,2,5593,6186,Online,-593
4919,2024-12-09,22,North,8,7643,2944,Offline,4699
4920,2023-12-19,4,West,1,784,1358,Offline,-574
4921,2024-11-16,6,West,7,6066,7584,Online,-1518
4922,2022-09-28,38,West,5,8718,987,Offline,7731
4923,2023-07-16,26,East,6,2774,5877,Offline,-3103
4924,2024-03-14,11,North,8,4472,5890,Online,-1418
4925,2022-09-04,26,East,4,9820,6354,Online,3466
4926,2023-01-22,17,North,6,4613,7363,Online,-2750
4927,2023-12-03,24,North,3,7229,1087,Online,6142
4928,2023-07-13,28,South,7,8848,4794,Offline,4054
4929,2024-08-30,35,North,2,1789,2944,Online,-1155
4930,2024-09-10,31,West,8,3011,2464,Online,547
4931,2022-12-18,13,West,7,6220,4757,Offline,1463
4932,2024-01-23,35,West,8,1655,503,Offline,1152
4933,2024-02-20,16,South,2,3288,3517,Online,-229
4934,2024-10-21,15,South,3,5653,2791,Online,2862
4935,2023-06-30,43,East,4,6726,5122,Offline,1604
4936,2022-03-20,18,North,9,3476,2338,Online,1138
4937,2022-11-30,47,North,5,5751,6036,Offline,-285
4938,2024-06-07,37,West,6,3999,7304,Offline,-3305
4939,2023-05-17,48,West,1,3413,3668,Offline,-255
4940,2024-02-04,48,West,4,703,7311,Online,-6608
4941,2024-07-09,49,West,4,2322,6000,Online,-3678
4942,2023-07-04,41,West,8,9133,3858,Offline,5275
4943,2022-01-14,27,West,8,7471,4357,Online,3114
4944,2023-01-27,35,North,6,7925,5162,Offline,2763
4945,2022-11-06,45,South,8,9840,5650,Online,4190
4946,2023-01-21,35,West,9,6282,1526,Online,4756
4947,2024-08-31,28,North,5,8426,6805,Offline,1621
4948,2022-12-06,39,West,1,9890,4790,Online,5100
4949,2023-08-20,38,East,1,6503,4643,Online,1860
4950,2024-01-27,9,East,2,4675,3811,Online,864
4951,2024-11-11,12,North,2,8286,1213,Offline,7073
4952,2022-10-18,15,South,5,3359,1719,Online,1640
4953,2022-11-02,21,East,7,3462,7204,Offline,-3742
4954,2023-09-26,35,East,7,1867,3003,Online,-1136
4955,2023-09-17,42,South,4,5710,6214,Online,-504
4956,2024-07-27,33,East,4,3409,655,Online,2754
4957,2024-04-27,19,West,3,3905,3772,Offline,133
4958,2023-03-18,23,South,2,4994,540,Offline,4454
4959,2023-05-18,13,East,3,1320,7808,Offline,-6488
4960,2022-05-10,44,South,8,8202,2210,Online,5992
4961,2023-08-20,1,West,1,7755,2576,Online,5179
4962,2024-05-11,29,East,4,3162,920,Online,2242
4963,2023-08-16,24,North,7,7604,7374,Offline,230
4964,2024-09-25,16,East,5,5872,5958,Online,-86
4965,2022-11-21,25,East,2,4953,1154,Online,3799
4966,2024-12-28,23,West,1,3629,4043,Offline,-414
4967,2023-03-24,28,North,6,5116,6972,Online,-1856
4968,2024-03-29,47,North,5,8586,2614,Offline,5972
4969,2023-12-10,16,North,3,2166,3500,Online,-1334
4970,2022-09-22,43,West,9,7889,6663,Online,1226
4971,2023-09-04,38,West,3,3900,5501,Online,-1601
4972,2024-04-11,11,West,2,2700,7004,Online,-4304
4973,2023-11-05,3,West,5,9584,3924,Online,5660
4974,2022-06-06,15,West,9,1483,7487,Offline,-6004
4975,2022-09-08,1,North,8,7123,5746,Online,1377
4976,2024-05-27,7,South,6,9274,1360,Online,7914
4977,2023-06-14,1,West,3,6551,681,Offline,5870
4978,2022-11-23,49,South,6,4615,6331,Offline,-1716
4979,2024-08-18,32,East,5,3140,6482,Offline,-3342
4980,2024-06-13,9,East,1,6871,1432,Online,5439
4981,2022-04-07,29,West,5,3917,2776,Offline,1141
4982,2023-05-28,26,East,7,7087,3435,Offline,3652
4983,2022-08-04,23,South,9,9580,7642,Offline,1938
4984,2022-05-05,45,East,1,2383,3138,Offline,-755
4985,2022-02-28,43,East,3,5321,2379,Online,2942
4986,2022-06-10,29,South,8,4322,1244,Offline,3078
4987,2022-10-11,38,East,6,8838,6140,Offline,2698
4988,2022-04-16,33,West,5,2216,4262,Online,-2046
4989,2022-08-16,7,South,2,6123,6974,Online,-851
4990,2022-11-14,12,South,3,2977,4501,Offline,-1524
4991,2024-03-12,31,North,2,868,2829,Online,-1961
4992,2024-05-23,32,North,1,9955,4601,Offline,5354
4993,2023-04-17,20,South,7,3349,3618,Online,-269
4994,2024-12-15,17,South,3,3247,1134,Online,2113
4995,2023-09-17,36,North,7,8062,4050,Offline,4012
4996,2022-01-13,3,West,7,7639,4484,Online,3155
4997,2024-11-07,1,East,8,7204,3687,Online,3517
4998,2023-11-25,50,East,1,2387,7478,Offline,-5091
4999,2024-08-30,27,East,5,559,5468,Offline,-4909
5000,2022-04-23,47,South,9,1044,5291,Online,-4247
